封面,线上识别结果,字数大于30,纯色/黑屏,模糊/图片过小,二维码,动图,竞品水印
http://i0.hdslb.com/bfs/aionecitycover/b68d44d5cf571d00e9d69d76ac468d652e640675.jpg,FALSE,1,,,,,1
http://i0.hdslb.com/bfs/aionecitycover/386fe76d1229a89ddaada1834f39196c09d57bb0.jpg,FALSE,,,,,,
http://i0.hdslb.com/bfs/aionecitycover/0ac189a5c874dcf088e106247cd831d3adf11d75.jpg,FALSE,,,,,,1
http://i0.hdslb.com/bfs/aionecitycover/72c1dc5b515b58fe70d747007d6df777c7466742.jpg,FALSE,,,,,,
http://i0.hdslb.com/bfs/aionecitycover/4bf482c2351fefc22a57aa57a797c2469535e67a.jpg,TRUE,,,,,,
https://i0.hdslb.com/bfs/album/201eaca3bc08d73651e7fd390dd35da17c3f4c0b.jpg,FALSE,1,,,,,
http://i0.hdslb.com/bfs/aionecitycover/1563d2b233b129b0bb2c3388ca69ab98a126e932.jpg,FALSE,,,,,,
http://i0.hdslb.com/bfs/aionecitycover/dfe73363e3f2ecc8779996915e2500513d222daa.jpg,FALSE,,,1,,,
https://i0.hdslb.com/bfs/album/d9356c51e59e86287b4fc76379c8a03d4cd5e447.jpg,FALSE,,,,,,
http://i0.hdslb.com/bfs/aionecitycover/117169009541a28a5ca975d7a8fb457053b1f532.jpg,FALSE,,,,,,
http://i0.hdslb.com/bfs/aionecitycover/0ffed15e1f60ab0a0be55704e401262d199d40e9.jpg,FALSE,,,,,,
http://i0.hdslb.com/bfs/aionecitycover/7393b901b19fc1d0c7e97ebc3136c4c47b76b1c5.jpg,FALSE,,,,,,1
http://i0.hdslb.com/bfs/aionecitycover/425df555cf5e1e18c02ca0e1fc8f885c929e41db.jpg,FALSE,,,,,,
https://i0.hdslb.com/bfs/album/d431c4a7befc15f2e266fec4531155b7f6bd970a.jpg,FALSE,,,,,,
https://i0.hdslb.com/bfs/album/e11bdf19cf7407524ca713594af499c485ce8fab.png,FALSE,1,,,,,
http://i0.hdslb.com/bfs/aionecitycover/9696fd2aec17f45daccdfe41893b179a7d3aaedd.jpg,FALSE,,,,,,
http://i0.hdslb.com/bfs/aionecitycover/0b68f14b1da75d93a0e9afdafdd4e780fbade720.jpg,FALSE,,,,,,
http://i0.hdslb.com/bfs/aionecitycover/df29cc6ef72ee9baa89935991c9968ad15792dde.jpg,FALSE,,,,,,
http://i0.hdslb.com/bfs/aionecitycover/98c350e137309d77de96fffdd5328b07c018a9e5.jpg,FALSE,,,,,,
http://i0.hdslb.com/bfs/aionecitycover/9f27ca5c1f48ca32f54ecf08578870ba9d8d904f.jpg,FALSE,,,,,,1
https://i0.hdslb.com/bfs/album/d7140de2bda0478d221f3fdec1d9597d311bddbf.jpg,FALSE,,,,,,
http://i0.hdslb.com/bfs/aionecitycover/a59924bfdbf76a01db7687365e105358b95931e3.jpg,FALSE,,,,,,
http://i0.hdslb.com/bfs/aionecitycover/bb4cc3025725e5b084fbfc0bacef8c18bd23478a.jpg,FALSE,,,,,,
https://i0.hdslb.com/bfs/album/dfbd092f896e2b0463e4e317c1ad92544b4ec769.jpg,FALSE,,,,,,
http://i0.hdslb.com/bfs/aionecitycover/9b4cc052b27be39ebbc28ea889311893a0b1736c.jpg,FALSE,,,,,,
https://i0.hdslb.com/bfs/album/45265aab1c82b51b9e8a99e621f61e6c16091b2f.jpg,FALSE,,,,1,,
https://i0.hdslb.com/bfs/album/276f43b9eb75f0b32e0123526514567beb0f07d0.jpg,FALSE,,,1,,,
https://i0.hdslb.com/bfs/album/2f8d40e77959fc65a9cbcd65b66c9e9d0b2d8752.jpg,FALSE,,,,,,
https://i0.hdslb.com/bfs/album/db80bd07ddec108928ed2ebfc6637d84a1a36846.png,FALSE,1,,,,,
https://i0.hdslb.com/bfs/album/592446df62f8ce8bd6f73ebda3f0c29aba498fc4.png,FALSE,1,,,,,
http://i0.hdslb.com/bfs/aionecitycover/b9f39099f8f31990e1331083bbf1dbf1dcfb6d6d.jpg,FALSE,,,,,,
http://i0.hdslb.com/bfs/aionecitycover/bdfb67e4ec8ebedfac5b14cfee878c060c56b34f.jpg,FALSE,,,,,,
http://i0.hdslb.com/bfs/aionecitycover/aef40f7f6feafbcd3e0623d0cea9f592beacb554.jpg,FALSE,,,,,,
https://i0.hdslb.com/bfs/album/37e0bb9d172a212e04641e2542229868b3248b0b.jpg,FALSE,,,,,,
http://i0.hdslb.com/bfs/aionecitycover/a876acad0aeb19801496a9beefd0a330dc26cb2d.jpg,FALSE,,,,,,
http://i0.hdslb.com/bfs/aionecitycover/85139f12f7c240503fb2500092648d84078b141b.jpg,FALSE,,1,,,,
http://i0.hdslb.com/bfs/aionecitycover/304f1ea7ea0046c85b4c77db49bf077f6131e84b.jpg,FALSE,,,,,,
https://i0.hdslb.com/bfs/album/f6a4c2b1c6eaf8f8d95f6667562d6539052bb73d.jpg,FALSE,,,,,,
https://i0.hdslb.com/bfs/album/6aad1887088640bedae644532f4ad745253720f4.jpg,FALSE,,,,,,
https://i0.hdslb.com/bfs/album/6abbc0dca7f48a0bd326a59809731445df3475c3.png,FALSE,,,1,,,
https://i0.hdslb.com/bfs/album/cea02ad95ceea4306a975416f2aaba16327f7478.jpg,FALSE,,,,,,
http://i0.hdslb.com/bfs/aionecitycover/c2ba71ea5f590969b85529795d9c06e3534629ce.jpg,FALSE,,,,,,1
http://i0.hdslb.com/bfs/aionecitycover/a48d5afd32f9abd633a54ac9e3d50739acb50303.jpg,FALSE,,,,,,
http://i0.hdslb.com/bfs/aionecitycover/4c7c63bbfdf14d8291385938e1d1bc338a4af8d1.jpg,FALSE,,,,,,
http://i0.hdslb.com/bfs/aionecitycover/c00b17d64cbaa3efb73119d8b014ea3fa6e3a240.jpg,FALSE,,,,,,
https://i0.hdslb.com/bfs/album/3f69c334cadfb8f349a80f686f5e89885bf0e20a.jpg,FALSE,,,,,,
http://i0.hdslb.com/bfs/aionecitycover/1a6933eb71ba216a6f1e50b3d7268446377f5921.jpg,FALSE,,,,,,1
http://i0.hdslb.com/bfs/aionecitycover/496f362836012e0765bb57a7c6b4fe5fdf23c4d0.jpg,FALSE,,,,,,
https://i0.hdslb.com/bfs/album/4f1e6c8e654d61f3b07ae967a42db3f127bc4dcc.png,FALSE,,,,,,
http://i0.hdslb.com/bfs/aionecitycover/2e977b588a83795c28201e7289d71f7756977a65.jpg,FALSE,,,,,,
http://i0.hdslb.com/bfs/aionecitycover/3b9a7f42d1cccd5e2a75c87864fd2231119a5f44.jpg,FALSE,,,,,,
https://i0.hdslb.com/bfs/album/9bd11f16b34ee04f6cb53fbcdf0a182d9d92dfde.jpg,FALSE,,,,,,
http://i0.hdslb.com/bfs/aionecitycover/accab3528cdd2d5ca785ffe489ef7866c1f47ef6.jpg,FALSE,,,1,,,
https://i0.hdslb.com/bfs/album/1617a4cae7d3f3631e500dc4ae0375056b864a23.jpg,FALSE,,,,,,
https://i0.hdslb.com/bfs/album/55fa571268791d5bc2a92c4b736b64651f5a13e0.jpg,FALSE,,,,,,
http://i0.hdslb.com/bfs/aionecitycover/aa4348b7ef9b730a186bc6c87a58536c50e001ed.jpg,FALSE,,,,,,
http://i0.hdslb.com/bfs/aionecitycover/25b5d6e9fb7ff2e96178c2560f2456d79ed0fff9.jpg,FALSE,,,,,,
http://i0.hdslb.com/bfs/aionecitycover/b57adbd57b4d633a98f984888841c7a73b1170b0.jpg,FALSE,,,,,,
http://i0.hdslb.com/bfs/aionecitycover/9d6b80f9df55668829396b219019ea24a4d14211.jpg,FALSE,,,,,,
http://i0.hdslb.com/bfs/aionecitycover/235f268370b6e6c659b20f59fbcc2c6ef694d047.jpg,FALSE,,,,,,
http://i0.hdslb.com/bfs/aionecitycover/112634ca96147012cc29aa2c16dd0bd1cc8cc41c.jpg,FALSE,,,,,,
http://i0.hdslb.com/bfs/aionecitycover/33f1a1cacab34aa9f9bb5fb8611068eedcfc687f.jpg,FALSE,,,,,,
https://i0.hdslb.com/bfs/album/8c195a46c93e8972ead0dfa239c8703b8d379f73.jpg,FALSE,,,,,,
http://i0.hdslb.com/bfs/aionecitycover/5a8714a010f32e341f1dd3dbfe51fdc49191ede0.jpg,FALSE,,,,,,1
https://i0.hdslb.com/bfs/album/4ed94553c7a654c0988040cc5f07fb5c7ceaceae.gif,TRUE,,,,,1,
http://i0.hdslb.com/bfs/aionecitycover/717b8eacaefc1ec55f64df965d37fa5b258b70c1.jpg,FALSE,1,,,,,
https://i0.hdslb.com/bfs/album/7295c89905148b89c49ddefd62111c9d975fde26.jpg,FALSE,,,,,,
https://i0.hdslb.com/bfs/album/ec47ea1843cf48f4b1eea576e73c9d7c700f3b48.jpg,FALSE,,,,,,
https://i0.hdslb.com/bfs/album/6710bb03d3f3f2ead853fbff88aedaffb96c1d85.jpg,FALSE,,,,,,1
http://i0.hdslb.com/bfs/aionecitycover/037479ac193cb559f3f7253d2b9bbbae711f4fce.jpg,FALSE,1,,,,,
http://i0.hdslb.com/bfs/aionecitycover/584504608d446a9c8af1fc61df3c5ea4fd39cafc.jpg,FALSE,,,,,,
https://i0.hdslb.com/bfs/album/d29af86b8d45988acbfadd17a4f2764de8c64492.jpg,FALSE,,,,,,
http://i0.hdslb.com/bfs/aionecitycover/029998d476ea641bc96bd207628c9787330fc6a8.jpg,FALSE,,,,,,
http://i0.hdslb.com/bfs/aionecitycover/f8a85b54a00166d7ade19fadf86b280c9cb9ee90.jpg,FALSE,,,,,,
https://i0.hdslb.com/bfs/album/935d742d5bf81da586857a6adcba0beaff4bcda5.jpg,TRUE,,,1,,,
http://i0.hdslb.com/bfs/aionecitycover/972e7bdaf75fd5a4eaee565cfa3417005eef29fd.jpg,FALSE,,,,,,
https://i0.hdslb.com/bfs/album/ce4d8775a9b7d92e7748f7d94cf9412e9df2a809.jpg,FALSE,,,,,,
https://i0.hdslb.com/bfs/album/7c45bd3b400e206d4f5dd03aeb218c8bf6e6c8aa.jpg,FALSE,,,,,,
http://i0.hdslb.com/bfs/aionecitycover/6dbdb38219a79a2497c93a1decc04c294d6c5df6.jpg,FALSE,,,1,,,
http://i0.hdslb.com/bfs/aionecitycover/bdb45dbf7cf9ff2bbacbd4f967f095e907dc4b0b.jpg,FALSE,,,,,,
http://i0.hdslb.com/bfs/aionecitycover/0f14b411cab0623dd0dd2afc0e3bfe0b0ab9f7cb.jpg,FALSE,,,,,,
https://i0.hdslb.com/bfs/album/4f1d1791440803b5de1a9ba9dadf649a70c22a2b.png,FALSE,,,,,,
http://i0.hdslb.com/bfs/aionecitycover/eacaae2283f34018d7ce47ad7525ea6a00180713.jpg,FALSE,,,,,,
https://i0.hdslb.com/bfs/album/ff0edac508056498668e61759c93d19a5487b53b.jpg,TRUE,,,,,,
https://i0.hdslb.com/bfs/album/9599546697bb36dc64936b364f5c205d7d0e3033.jpg,FALSE,,,,,,
http://i0.hdslb.com/bfs/aionecitycover/a6b57eff5f69a0f912a249762536c2cdf80e9f41.jpg,FALSE,,,,,,
http://i0.hdslb.com/bfs/aionecitycover/aefd13984884e773b7831456541edb959128d582.jpg,FALSE,,,,,,
http://i0.hdslb.com/bfs/aionecitycover/e2b6ed707e80235b842efcfef9b46b839339bb50.jpg,FALSE,,,,,,
http://i0.hdslb.com/bfs/aionecitycover/9c40000389c1dbb2fffc6f569016cde8dda6ad15.jpg,FALSE,,,,,,
http://i0.hdslb.com/bfs/aionecitycover/b0d785633841a835a9111b501fd5d43f57725fc7.jpg,FALSE,,,,,,
http://i0.hdslb.com/bfs/aionecitycover/c2f9d26d8295d662228d04c990aa9a02739603b7.jpg,FALSE,,,,,,
http://i0.hdslb.com/bfs/aionecitycover/2fa3ee8014618425879682b1e05fc0beb04ebcd3.jpg,FALSE,,,,,,
http://i0.hdslb.com/bfs/aionecitycover/8fe839c66ee92bfe8370f359a4a7c85e7751964d.jpg,FALSE,,,1,,,
https://i0.hdslb.com/bfs/album/de245851876e0465eb3dd2bc524ce63d9baf52be.png,FALSE,,,,,,
https://i0.hdslb.com/bfs/album/70c453ea90cfaba24cf11b66ccfacb46a5366d53.jpg,FALSE,,,,,,
https://i0.hdslb.com/bfs/album/baa8fcb29d32e862dc3f27d4ffc178676cf81162.png,FALSE,,,,,,
http://i0.hdslb.com/bfs/aionecitycover/9b3d37e32b18e043b4bec14b05c57d3a374ae532.jpg,FALSE,,,,,,1
http://i0.hdslb.com/bfs/aionecitycover/8db1e8a8d8c1cad8634431e3f8760c720a129a94.jpg,FALSE,,,1,,,
http://i0.hdslb.com/bfs/aionecitycover/34a7420432d08a6c767df567011eea0ef0676f68.jpg,FALSE,,,,,,
http://i0.hdslb.com/bfs/aionecitycover/06f8d29f8c057ed068e70a2b72e3390b6017b650.jpg,FALSE,,,,,,
https://i0.hdslb.com/bfs/album/e60301710ae29202eae2011feb260ad63b406b8e.jpg,FALSE,,,,,,
https://i0.hdslb.com/bfs/album/2ece925a9fb852a6975aa8992ccdbb59f7961ece.jpg,FALSE,,,,,,
https://i0.hdslb.com/bfs/album/f4e58b831eaca977bd4983fa800080a752dc08cd.jpg,FALSE,,,,,,
http://i0.hdslb.com/bfs/aionecitycover/10e0191a110ba2e5c1c8be47548f2aa400008359.jpg,FALSE,,,,,,
http://i0.hdslb.com/bfs/aionecitycover/c8864a4a10b4938fe7bfb29705ce70c3478e3496.jpg,FALSE,,,,,,
https://i0.hdslb.com/bfs/album/a36cbac6ba42dd6dfeecb5fdde9352f9f06a76a9.png,FALSE,,,,,,
http://i0.hdslb.com/bfs/aionecitycover/4cc4a1ae73d0061018755ae40f589eeff0d1420d.jpg,FALSE,,,,,,
https://i0.hdslb.com/bfs/album/8e8a917f2e2adbd16fde66802776b02d6d950679.png,FALSE,,,,,,
https://i0.hdslb.com/bfs/album/c723872dccaee72148e9317aaf5c1246ec417484.jpg,FALSE,,,,,,
http://i0.hdslb.com/bfs/aionecitycover/ebb3ba0c74bf8e30e480b64ca5ef67a98ede52ea.jpg,FALSE,,,,,,
https://i0.hdslb.com/bfs/album/5f22e13bb3770bc2c1e2b2b2f3808ca9806a9929.png,FALSE,,,,,,
https://i0.hdslb.com/bfs/album/a9544d861dc8e2d13590f99861f9275cab11986a.jpg,TRUE,1,,,,,
http://i0.hdslb.com/bfs/aionecitycover/ba497c40b867f1df929055704e583f9fd0a306f0.jpg,FALSE,,,,,,
https://i0.hdslb.com/bfs/album/1679f6f1651369be335f3f5d20426e65496785b7.png,FALSE,,,,,,
http://i0.hdslb.com/bfs/aionecitycover/fac9d6e3c91e1fcebfbcdba8f6eeeaafd7a886fd.jpg,FALSE,,,,,,
https://i0.hdslb.com/bfs/album/b9aaa95f1b955abf654eb7b904a7e04d8097d0b2.jpg,TRUE,,,,,,
http://i0.hdslb.com/bfs/aionecitycover/1a64d3853567fa0be0ee67de2e327f40051e8df6.jpg,FALSE,,,,,,1
http://i0.hdslb.com/bfs/aionecitycover/3c4f5967f77020923f1af2570493fdf5017d188e.jpg,FALSE,,,,,,
http://i0.hdslb.com/bfs/aionecitycover/13bc059cb3696eca9d7daef8aaf8348ddb056c95.jpg,FALSE,,,1,,,
https://i0.hdslb.com/bfs/album/aa61cc8f44b92c8f6b7ae6491de3ec633e9ec5f9.png,FALSE,,,,,,
http://i0.hdslb.com/bfs/aionecitycover/dd0138b44f9e33b00e10723e196d0a33f4050ecd.jpg,FALSE,,,,,,
https://i0.hdslb.com/bfs/album/254a1d225bd806eaed45cf711c2243bb8b23cb3a.jpg,FALSE,,,,,,
http://i0.hdslb.com/bfs/aionecitycover/004924a14ab9723b3c0da27840faad5e4a3ac7e7.jpg,FALSE,,,,,,
http://i0.hdslb.com/bfs/aionecitycover/e901c5bc7de5c79f77b1cb8abdb48038938dd8d2.jpg,FALSE,,,,,,
https://i0.hdslb.com/bfs/album/bb4fcc4417636b0d74b0876a10d556eaf7aa83c1.jpg,FALSE,,,,,,
http://i0.hdslb.com/bfs/aionecitycover/bce5a2a1c0cdd52ed5dcaaa4c2982817af1309ee.jpg,FALSE,,,,,,
http://i0.hdslb.com/bfs/aionecitycover/1486fdd244242ddeae8ad3f6b025550f2b731697.jpg,FALSE,,,,,,
http://i0.hdslb.com/bfs/aionecitycover/3c868cc683df46c6e08303cfeb17f764273631d4.jpg,FALSE,,,,,,
http://i0.hdslb.com/bfs/aionecitycover/f904c9f02ac7d7c457d127d10ff6a661ba0a268c.jpg,FALSE,,,,,,
http://i0.hdslb.com/bfs/aionecitycover/cfa30abeb9427655d9555d5f6bae08ad08e70dcb.jpg,FALSE,,,,,,
https://i0.hdslb.com/bfs/album/96afab0daa1f5475651af3ac252fc7ceba9b91cf.png,FALSE,,,,,,
http://i0.hdslb.com/bfs/aionecitycover/be45da03bdc5901c6dae31beefdc19efb2289ae9.jpg,FALSE,,,,,,
http://i0.hdslb.com/bfs/aionecitycover/59a10f37a46946ecb3236b2e53b7003c0653c6be.jpg,TRUE,,,,,,
http://i0.hdslb.com/bfs/aionecitycover/7c54e3b700a8889e4541cc13c4cfa604f32193c5.jpg,FALSE,,,,,,
http://i0.hdslb.com/bfs/aionecitycover/682fd505322f899e764b79179caa65d3f129f3a1.jpg,FALSE,1,,,,,
http://i0.hdslb.com/bfs/aionecitycover/a57609611f73856f6d955628881076c52c18808f.jpg,FALSE,,,,,,
http://i0.hdslb.com/bfs/aionecitycover/f57fc3d92cc9dd4496a012229c48f2548f140f06.jpg,FALSE,,,,,,
https://i0.hdslb.com/bfs/album/5d363502354ba603c6a6a55c2cd2c41188281756.png,FALSE,,,,,,
https://i0.hdslb.com/bfs/album/5dd28cba7aa34adf21e89a0a000bd295330fd529.jpg,FALSE,,,,,,
https://i0.hdslb.com/bfs/album/3b71b466fb2d90f219c573219e14bb46ea3c4e92.png,TRUE,1,,,,,
http://i0.hdslb.com/bfs/aionecitycover/a324dac3d01a07b8c08c464c1c12d914cbf3400e.jpg,FALSE,,,,,,
https://i0.hdslb.com/bfs/album/cbff0ee566fd63bda852f701c474c18e22cb2d83.jpg,FALSE,,,,,,
http://i0.hdslb.com/bfs/aionecitycover/0e54c8171b9f2c938b88883104d16da28bb68816.jpg,FALSE,1,,,,,
http://i0.hdslb.com/bfs/aionecitycover/7e72a755c9977c47b126b88e50a6388f9e68bc0c.jpg,FALSE,,,,,,1
http://i0.hdslb.com/bfs/aionecitycover/abad888505cdb767da903c46135efbdf79c40455.jpg,FALSE,,,,,,
http://i0.hdslb.com/bfs/aionecitycover/eacd64a169bec9677d42b4eda22347eeb16ee416.jpg,FALSE,,,,,,
http://i0.hdslb.com/bfs/aionecitycover/f7a25deb9f95b356e4dd0dcad4ca1742c4adca36.jpg,FALSE,,,,,,
http://i0.hdslb.com/bfs/aionecitycover/2b4fb3cfdab0bee52bee12afbd13a0bcf0a5265a.jpg,FALSE,,,1,,,
http://i0.hdslb.com/bfs/aionecitycover/d48c7a3c9a6aca43f5aa7a36911f3ebfbb024711.jpg,FALSE,,,,,,
http://i0.hdslb.com/bfs/aionecitycover/e5dc8e8097289d5be7874faf3c2709e3de6eb3ac.jpg,FALSE,,,,,,
http://i0.hdslb.com/bfs/aionecitycover/78dff1c6d109c0a09c19b71890b363a6c3dbd067.jpg,FALSE,,,,,,
https://i0.hdslb.com/bfs/album/741f25c7afca7058158e831a90be7a342db3c2f5.jpg,FALSE,,,,1,,
https://i0.hdslb.com/bfs/album/f7dad81b061b7fc4ea921e1480f54b3b8fc8723a.jpg,FALSE,,,,,,
http://i0.hdslb.com/bfs/aionecitycover/3be004dce6d2cf715e498cfcc09647c44208a26c.jpg,FALSE,,,,,,
https://i0.hdslb.com/bfs/album/2601b2f9e81a731608b2a0487dd1ff6b9adcc128.jpg,TRUE,1,,,,,
https://i0.hdslb.com/bfs/album/39e996d39c0d58d061761b1bf26ed61d516c43b1.png,FALSE,,,,,,
http://i0.hdslb.com/bfs/aionecitycover/ed86cfa9a31d13bb0502fbedeae07d8335e13d3e.jpg,FALSE,,,,,,
https://i0.hdslb.com/bfs/album/d2eefcf67bd82086382f86dcd18432d14ad869ad.jpg,FALSE,,,,,,
http://i0.hdslb.com/bfs/aionecitycover/706ab904997724683b2c538dc339a55233fda245.jpg,FALSE,,,,,,
https://i0.hdslb.com/bfs/album/72703d0912bd7435892a50aa984684ee9ee2f256.jpg,FALSE,,,,,,
http://i0.hdslb.com/bfs/aionecitycover/777b8289b32d7d8bcb4896eddc258122c875a8b0.jpg,FALSE,,,,,,
http://i0.hdslb.com/bfs/aionecitycover/1c0cf6d1c43071866b451f8b866f40e9d2d07c35.jpg,FALSE,,,,,,
http://i0.hdslb.com/bfs/aionecitycover/097e171aed57c49ce588e6e5c1a53cf35a71cc04.jpg,FALSE,,,,,,
http://i0.hdslb.com/bfs/aionecitycover/26fe42170436a60cde423816d660111f07310f69.jpg,FALSE,,,,,,
https://i0.hdslb.com/bfs/album/345d651c8ec5d7425621135525d3700b70cf34df.jpg,FALSE,,,,,,
http://i0.hdslb.com/bfs/aionecitycover/33d9622254087c005587938dc989358512a6fbcd.jpg,FALSE,,,,,,
https://i0.hdslb.com/bfs/album/8f6807d8606da7abafec86d17a4d224dfdc35f20.jpg,FALSE,1,,,,,
http://i0.hdslb.com/bfs/aionecitycover/dafb6b2b6e50f19188542f0f0ea64d9cd6d05d0e.jpg,FALSE,,,,,,
http://i0.hdslb.com/bfs/aionecitycover/c1d92042a015c1eb0164e504986bf107e6265a92.jpg,FALSE,,,,,,
http://i0.hdslb.com/bfs/aionecitycover/65f0d285a34c49d066a2c71526471782db9a4e72.jpg,FALSE,1,,,,,
https://i0.hdslb.com/bfs/album/2e8a9c39c2a0f1f979a3bee107eea7e7893e4e38.jpg,FALSE,,,,,,
http://i0.hdslb.com/bfs/aionecitycover/b12d7bb82a772e821342d521d510ae2c9364ae7e.jpg,FALSE,,,,,,
http://i0.hdslb.com/bfs/aionecitycover/fcd0d8818e951f5556344e91bc27372b8568b522.jpg,FALSE,,,,,,
https://i0.hdslb.com/bfs/album/5eec7cddeab0f1d8518fac68487f4501b0e14c26.jpg,FALSE,,,,,,
http://i0.hdslb.com/bfs/aionecitycover/e57bf6f0f385b45690da78b46c38da9c5d3e3800.jpg,FALSE,,,1,,,
http://i0.hdslb.com/bfs/aionecitycover/8917d5a26c24dff92d71782d544cb35ab4e7d550.jpg,FALSE,,,,,,
http://i0.hdslb.com/bfs/aionecitycover/25df4719e02433cc898f2e3f296155d83634e2da.jpg,FALSE,,,,,,
https://i0.hdslb.com/bfs/album/4095861c86fb85adf38a18b75d7bd44adf50883d.jpg,FALSE,,,,,,
http://i0.hdslb.com/bfs/aionecitycover/89ede9eb80ba590d0d758a3d50b73c1d90b965d6.jpg,FALSE,,,,,,
http://i0.hdslb.com/bfs/aionecitycover/1cb7c25b90f507de0bbd18db91e02d2d9ab4b240.jpg,FALSE,,,1,,,
https://i0.hdslb.com/bfs/album/b4108de5147dc0a6be91b82a0067775089a8703f.jpg,FALSE,,,,,,
https://i0.hdslb.com/bfs/album/f4b7bb9cd1214f12cb608e47f64bcee9d954942a.png,FALSE,,,,,,
https://i0.hdslb.com/bfs/album/2dfe919c56d8267d3bc765943f47eb67b90c8bec.jpg,FALSE,,,,,,
http://i0.hdslb.com/bfs/aionecitycover/c8b0acafa562836a0b5b663980c88457b7a76367.jpg,FALSE,,,,,,
https://i0.hdslb.com/bfs/album/401ecb23440e8b0a8e8668edf4b2e107be99f020.jpg,FALSE,,,,,,
https://i0.hdslb.com/bfs/album/be99e213a6b90a178f351e1c8182a1d89b2f04f5.jpg,FALSE,,,,,,
http://i0.hdslb.com/bfs/aionecitycover/a313be42161456d43fc4683b9ca9b2ef1e247568.jpg,FALSE,,,,,,
https://i0.hdslb.com/bfs/album/4de0fd7ff727c67998343318ca90bb9442c910ba.png,FALSE,1,,,,,
https://i0.hdslb.com/bfs/album/c893a1af11a676b752b64aaf03109fbcbd0d549b.png,FALSE,,,,,,
https://i0.hdslb.com/bfs/album/659ce53527177ea5d04326d3db999cceaec87fe1.jpg,FALSE,,,,,,
https://i0.hdslb.com/bfs/album/62af0ee76d3c6c75b045fca14c5af0e9251ec965.jpg,TRUE,,,,,,
https://i0.hdslb.com/bfs/album/8212d63e2e75c2776be4d6397922ae6244352dfd.jpg,FALSE,,,,,,
http://i0.hdslb.com/bfs/aionecitycover/8fd7e965027bbbefa4dc4fa1a5c99831adee3869.jpg,FALSE,,,,,,
https://i0.hdslb.com/bfs/album/69f0a3509396de189ab5d1299f47f18fdfc9aa2e.png,FALSE,,,,,,
http://i0.hdslb.com/bfs/aionecitycover/8d786bd9c335e4746c5b6e30b4a998ec87401cac.jpg,FALSE,,,1,,,
https://i0.hdslb.com/bfs/album/98787e1c20204d03652874fe55ff05b735e11223.jpg,FALSE,,,,,,
http://i0.hdslb.com/bfs/aionecitycover/47f0642e077dcbab84f0c386830e2fb45c5a9d5c.jpg,FALSE,,1,,,,
http://i0.hdslb.com/bfs/aionecitycover/52ed1c5761fd0c91eedc2b4270226f0cdaf5074c.jpg,FALSE,,,,,,
http://i0.hdslb.com/bfs/aionecitycover/4a99bcf86239e4db1f6d16930f1174c1a1d5102f.jpg,FALSE,,,,,,
http://i0.hdslb.com/bfs/aionecitycover/49a4ee4e94053ca03aeafa011292650c794dd576.jpg,FALSE,,,,,,
https://i0.hdslb.com/bfs/album/efe5946128eb93f74933e198dad9884e182e04a4.gif,TRUE,,,,,1,
http://i0.hdslb.com/bfs/aionecitycover/6bd890bdba38aaab3e0b449bd22406cb4d429382.jpg,FALSE,,,,,,
https://i0.hdslb.com/bfs/album/eaac2974a6613d5354435a314cd54a1a8f7b7604.png,FALSE,,,,,,
https://i0.hdslb.com/bfs/album/612cbc49be4893a9e89c8399e11849e8ca392928.jpg,TRUE,1,,,,,
https://i0.hdslb.com/bfs/album/47c6d19d1f96eaca1779337d425d02afa9fbaa1d.jpg,FALSE,,,,,,
http://i0.hdslb.com/bfs/aionecitycover/d7bb4a1395e27a52baab4c07bf7d87eb7771ee23.jpg,FALSE,,,1,,,
http://i0.hdslb.com/bfs/aionecitycover/5f22b54a03f0dea6258768acf6199a0e57397058.jpg,FALSE,,,,,,
http://i0.hdslb.com/bfs/aionecitycover/9121f1e14b00a01a5bd3b34472734f4cd619ecae.jpg,FALSE,,,,,,
https://i0.hdslb.com/bfs/album/5e1650de0aae6fd38728da0cee7853ea325a6d7a.png,FALSE,1,,,,,
https://i0.hdslb.com/bfs/album/484bb5511652cb7693b20291d79da027e9569c83.jpg,FALSE,,,,,,
https://i0.hdslb.com/bfs/album/81be2d82a922eadd03e243cfedca5c5d72bfcd57.jpg,FALSE,1,,,,,
http://i0.hdslb.com/bfs/aionecitycover/d29d126da1f9696a437f4dbf4beb0eab15778faf.jpg,FALSE,,,,,,
http://i0.hdslb.com/bfs/aionecitycover/0aba0bb8fa5b6b9441e875960bb55437932a4434.jpg,FALSE,,,1,,,
https://i0.hdslb.com/bfs/album/451a578efa1f57461f5da6cacce3d13c43bef831.jpg,TRUE,1,,,,,
https://i0.hdslb.com/bfs/album/16da003bc8719423a8a7708a2d7bf8a1c44cf6be.jpg,FALSE,,,,,,
http://i0.hdslb.com/bfs/aionecitycover/2e6e0dc1d0551ac5c1ccd0312866df53b6ba0d62.jpg,FALSE,,,,,,
https://i0.hdslb.com/bfs/album/8bfcb4ad27f95b8d2a71a75ecf47b74c4129001a.jpg,TRUE,1,,,,,
http://i0.hdslb.com/bfs/aionecitycover/145ce0688f0e38930d8c4515d15bde27f2555d43.jpg,FALSE,,,,,,
http://i0.hdslb.com/bfs/aionecitycover/e83f751e0f2f4bbf7dccfb6cd9cb854601ca07cc.jpg,FALSE,,,,,,
https://i0.hdslb.com/bfs/album/788359bd0eb559544efab479c8e93deced249b22.jpg,FALSE,1,,,,,
http://i0.hdslb.com/bfs/aionecitycover/651e6ab6f013671cd0048338858ccf6e32e976cd.jpg,FALSE,,,,,,
https://i0.hdslb.com/bfs/album/3878ebda5351e69112f5aed2e9a8dbf93e0d0be5.png,FALSE,,,,,,
https://i0.hdslb.com/bfs/album/d36491c018a46356ef1dc60ade4d23c8e9780bf1.png,TRUE,1,,,,,
http://i0.hdslb.com/bfs/aionecitycover/402857e77c03661811ea0834c9d4d70f6f30affe.jpg,FALSE,,,,,,
https://i0.hdslb.com/bfs/album/f2682864c0ca184b14d70c14594be0f21ce03d3f.png,FALSE,,,,,,
https://i0.hdslb.com/bfs/album/28c4f1a6f6ef304ff2462093d3b7524a44507745.jpg,TRUE,1,,,,,
http://i0.hdslb.com/bfs/aionecitycover/79126d532be9943eb2388a39554af810278133d0.jpg,FALSE,1,,,,,
https://i0.hdslb.com/bfs/album/590826433e2ab65423f07c4a628dedc282461c56.jpg,FALSE,,,,,,
http://i0.hdslb.com/bfs/aionecitycover/37093ec0ecd793ca37ce32e068681c4c9b002b5f.jpg,FALSE,,,,,,
http://i0.hdslb.com/bfs/aionecitycover/6e62cb788d43c29fcadacf02890507b42d4f28c2.jpg,FALSE,,,,,,
http://i0.hdslb.com/bfs/aionecitycover/008c289b64652a183a754b0a15a5fffe9f421dbe.jpg,FALSE,,,,,,
https://i0.hdslb.com/bfs/album/3ecccdf1a5bc2673df0056fab758d7d227a471c3.jpg,FALSE,,,,,,
https://i0.hdslb.com/bfs/album/a8b93af6f2e955569962381d37dccfc6d618c951.jpg,FALSE,1,,,,,
http://i0.hdslb.com/bfs/aionecitycover/f1106110c16c98f616858cb26d9edc7ca62e368b.jpg,FALSE,,,,,,
https://i0.hdslb.com/bfs/album/a9a4ee08924718b07cdcca4aed1ca38e18c646e2.png,FALSE,,,,,,
https://i0.hdslb.com/bfs/album/bf924d45256e144cca2255dbcdb5ae5de5b9d44f.jpg,FALSE,,,,,,
https://i0.hdslb.com/bfs/album/8645b000c6f336ee8c0f81c932188fb9b7806a32.jpg,FALSE,,,,,,
https://i0.hdslb.com/bfs/album/b6686b5c8684c22aa908524edbda00e62991ab8a.png,FALSE,1,,,,,
https://i0.hdslb.com/bfs/album/67e2bec04997321d1ae01af1316ffbdd932fbbc7.png,FALSE,1,,,,,
https://i0.hdslb.com/bfs/album/ff9ac39bd97ff73fbdc73a09cf7cd1b2c356ca5f.jpg,FALSE,,,,,,
https://i0.hdslb.com/bfs/album/22bf677734946d44d55ab0ce34141b8419300aad.jpg,TRUE,1,,,,,
https://i0.hdslb.com/bfs/album/05012688f467fcb3cd99c890e8935d10aeaf36c6.jpg,FALSE,,,,,,
https://i0.hdslb.com/bfs/album/700ecc4177b955896dbc7153401b9a52d98133e1.jpg,FALSE,,,,,,
https://i0.hdslb.com/bfs/album/dd05e4d502fc4b6069c86ccedfc3b360e9570a60.gif,TRUE,,,,,1,
http://i0.hdslb.com/bfs/aionecitycover/be31939d722acf5dbfad09b4c65e9d942a4e0774.jpg,FALSE,,,1,,,
http://i0.hdslb.com/bfs/aionecitycover/ff6269e75b262bd20c2de7a8481abbc4c8c8c555.jpg,FALSE,,,1,,,
http://i0.hdslb.com/bfs/aionecitycover/ca587a53386b568652fe224f7909374ff3606287.jpg,FALSE,,,,,,
https://i0.hdslb.com/bfs/album/8e55630b40f9cd1939d9e5ee9016f2f2a07af135.jpg,TRUE,1,,,,,
http://i0.hdslb.com/bfs/aionecitycover/7f316bd598b3073798e91aca38bb0a78731a0d67.jpg,FALSE,,,,,,
https://i0.hdslb.com/bfs/album/787a870ef67ca8523f58513273c546e1da79a9a1.png,FALSE,,,,,,
http://i0.hdslb.com/bfs/aionecitycover/e277dd8689226d0ffc993bb4a20a4c2edc14d886.jpg,FALSE,,,,,,
https://i0.hdslb.com/bfs/album/da47aa5cd9b23c6b17338aa06ec2e2dbe07a36ec.jpg,FALSE,,,,,,
https://i0.hdslb.com/bfs/album/25bfb1f6893c1e01ef4b0fd1eaada8cbab7dfc4e.jpg,FALSE,,,,,,
https://i0.hdslb.com/bfs/album/5f36065cbbc7c05e057a43ae8e35c8eca6975c30.png,FALSE,1,,,,,
https://i0.hdslb.com/bfs/album/8b4dc09c06e2fc356e2feb786ebf27caf05c40e4.png,FALSE,,,,,,
https://i0.hdslb.com/bfs/album/508f4418fc7db05f6065a1ce0e57d388e5e4486f.jpg,FALSE,,,,,,
https://i0.hdslb.com/bfs/album/9a54b356c7a4f9cf83f208fd0770bbb3caafc743.png,FALSE,1,,,,,
https://i0.hdslb.com/bfs/album/e9e5494a51c98a2e8e1bdbc286ecef8a1fee7070.jpg,FALSE,,,,,,
http://i0.hdslb.com/bfs/aionecitycover/46a35cd9090f32de037540f4833f90e1eecc8a6a.jpg,FALSE,,,,,,
https://i0.hdslb.com/bfs/album/4871976be04efc476d04b1f6ff907e14fa80aa6e.jpg,FALSE,,,,,,
http://i0.hdslb.com/bfs/aionecitycover/afab6a2a98f6820b77125092111f7ab0f348734b.jpg,FALSE,,,,,,
https://i0.hdslb.com/bfs/album/cb4ba9273adb3e67457c79dca7f16a9fc2404b3c.jpg,FALSE,,,,,,
https://i0.hdslb.com/bfs/album/0ad56ae967c1e157f0280d49ac572683ffc35559.jpg,FALSE,,,,,,
https://i0.hdslb.com/bfs/album/64365d4948ec189aca30c6f9635802d0416ba99e.jpg,FALSE,,,,,,
http://i0.hdslb.com/bfs/aionecitycover/03a9062ae1a10b44625b6f1b8bb049610b11f085.jpg,FALSE,,,,,,
http://i0.hdslb.com/bfs/aionecitycover/c592b838ba3b81b61b4053b16b3cfba80942036d.jpg,FALSE,,,,,,
http://i0.hdslb.com/bfs/aionecitycover/dec795c72ee4beb16f76058b694b5869a8301d65.jpg,FALSE,,,,,,
http://i0.hdslb.com/bfs/aionecitycover/f8f6093815bdf19eddb5655ba8364bc4ec702e6f.jpg,FALSE,,,,,,
http://i0.hdslb.com/bfs/aionecitycover/1c670b53a79f1c89405b5fc7e3811d2b9cac98d6.jpg,FALSE,,,,,,
http://i0.hdslb.com/bfs/aionecitycover/aa6b7cce08bc6bb1371e3fad599cc6b1152ba3e5.jpg,FALSE,,,,,,
http://i0.hdslb.com/bfs/aionecitycover/0452f1456d78396648cc907024e2057c462fd339.jpg,FALSE,,,,,,
http://i0.hdslb.com/bfs/aionecitycover/cac2f3d7fea6a38e43d54407b83430d5997d1454.jpg,FALSE,,,,,,
https://i0.hdslb.com/bfs/album/24b36fabec7e41ad51638714503fb254ff6ac313.jpg,FALSE,,,,,,
https://i0.hdslb.com/bfs/album/23260936de2f4e1de54f444f407a894bd21b03e5.png,TRUE,1,,,,,
https://i0.hdslb.com/bfs/album/f7d94ac2cb0bd63c47de969ff6ba7819c8f672c3.png,FALSE,1,,,,,
https://i0.hdslb.com/bfs/album/deef17e42e8c630f5b3b9445de501681c65cd26d.png,FALSE,,,,,,
http://i0.hdslb.com/bfs/aionecitycover/f16af15b3e81bc864a644b231dd7b95424c50fa3.jpg,FALSE,,,,,,1
https://i0.hdslb.com/bfs/album/a7b2e7e0bbd9d11e66ed740116e892d96630900b.jpg,TRUE,1,,,,,
http://i0.hdslb.com/bfs/aionecitycover/7ac31f6cbbb8e2ff5c8578c95d403b0f23fe8a9a.jpg,FALSE,,,,,,
http://i0.hdslb.com/bfs/aionecitycover/59499c44372f72f4ef51cd46271eb729d766e827.jpg,FALSE,,,,,,
http://i0.hdslb.com/bfs/aionecitycover/b8b9a974776f07f9251d9a266c69163d71f4d8b2.jpg,FALSE,,,,,,
https://i0.hdslb.com/bfs/album/7b09d387f2e6d646ded1dc5cef2875050d61eaf6.png,FALSE,,,,,,
http://i0.hdslb.com/bfs/aionecitycover/d22238e389633d9b1e1f31115dc66a86070df723.jpg,FALSE,,,,,,
https://i0.hdslb.com/bfs/album/b7d5113b829841d8b9680cbd65ff420c4ed2bcf6.jpg,TRUE,,,1,,,
http://i0.hdslb.com/bfs/aionecitycover/08a50592f359f0d198e1b12dfd38ebf68eeffab8.jpg,FALSE,,,,,,
http://i0.hdslb.com/bfs/aionecitycover/0701452d1f1cca460dae9e4e52e15f9eb0230824.jpg,FALSE,,,,,,
http://i0.hdslb.com/bfs/aionecitycover/96a3b3739b9c2dbc505e4664712f22ed9dbce620.jpg,FALSE,,,1,,,
http://i0.hdslb.com/bfs/aionecitycover/79bd347cbf9f6fdb8d5e107aba48c8daa06a99c7.jpg,FALSE,,,,,,
http://i0.hdslb.com/bfs/aionecitycover/a7060134a40ba9e01fa6553bf9c2e233c02e8542.jpg,FALSE,,,,,,
https://i0.hdslb.com/bfs/album/3f756eb9cd39493ef8c22fbad238bc8db2f3ddd3.png,FALSE,,,,,,
http://i0.hdslb.com/bfs/aionecitycover/93722cfedcd0745c944fa12faaf4f804740f0994.jpg,FALSE,,,,,,
http://i0.hdslb.com/bfs/aionecitycover/19d5330b8ae15b4b5c7be204387d00610f686d5d.jpg,FALSE,,,,,,
https://i0.hdslb.com/bfs/album/e139032279e510c09c9e8579ee63e75816ed78c5.png,FALSE,,,,,,
http://i0.hdslb.com/bfs/aionecitycover/da0d19e5cfb790971c66e08cf3771de8d4fbad22.jpg,FALSE,,,,,,
http://i0.hdslb.com/bfs/aionecitycover/093c61480ecf520b9237ad71e6421cb6c42aade3.jpg,FALSE,,,,,,
http://i0.hdslb.com/bfs/aionecitycover/7d84bd0d3c2e6a6251e2f620b1ffdc483ecc48eb.jpg,FALSE,,,,,,
https://i0.hdslb.com/bfs/album/d0cfd45cb17bbdd2f88868a993bc58ff176ce56e.png,FALSE,,,,,,
http://i0.hdslb.com/bfs/aionecitycover/3af1e2b598c5014eb608d592a6e86f8330c6535a.jpg,FALSE,,,,,,
http://i0.hdslb.com/bfs/aionecitycover/67717c030fe68d198ff724203e23ba4a1d6ae829.jpg,FALSE,,,,,,
https://i0.hdslb.com/bfs/album/9ad4e9420360207b387f65830b8d32b05b86cb34.jpg,FALSE,,,,,,
https://i0.hdslb.com/bfs/album/dc1d3c48e543ed4e6088abbf3daa6ea00535ea6a.png,FALSE,,,1,,,
https://i0.hdslb.com/bfs/album/bcc2108b38976a0358f0d01766e87f848a3d266f.jpg,FALSE,,,,,,
https://i0.hdslb.com/bfs/album/984769893ea4901234910be1f7fe9e27709fab81.jpg,FALSE,,,,,,
http://i0.hdslb.com/bfs/aionecitycover/7697f2b12357f01a1a73894e74ce9eab138e0b87.jpg,FALSE,,1,,,,
http://i0.hdslb.com/bfs/aionecitycover/33503809f0d59b1f15cd5abf42efa7e62a279c95.jpg,FALSE,,,,,,
https://i0.hdslb.com/bfs/album/b71852d708799cbf59c25c727fefaafd847e6653.jpg,FALSE,,,,,,
http://i0.hdslb.com/bfs/aionecitycover/ca9fdfe996845f9fac32277ac58a980e2d2146b3.jpg,FALSE,,,,,,
http://i0.hdslb.com/bfs/aionecitycover/0f6e0ee153f9b7fbe697f6ca4d02fef365d7a3d7.jpg,FALSE,,,,,,
https://i0.hdslb.com/bfs/album/ddced788b2c9325a507400f0850a1a70437f24c8.jpg,FALSE,,,,,,
https://i0.hdslb.com/bfs/album/fa8e6ab37f9a33b173274853de98af72045ada53.png,FALSE,,,,,,
http://i0.hdslb.com/bfs/aionecitycover/d95c01d6449292511e73158daa3a28cf48b0b5a0.jpg,FALSE,,,,,,
http://i0.hdslb.com/bfs/aionecitycover/1d2a016ac4981c302e7a52a0edfe41e40503d321.jpg,FALSE,,,,,,
http://i0.hdslb.com/bfs/aionecitycover/8e2bf481bf944c9d343a6c6330d05bb014b66281.jpg,FALSE,,,,,,1
https://i0.hdslb.com/bfs/album/970c481f448e61449aa657e28ef74605b0f76fe4.jpg,FALSE,,,,,,
http://i0.hdslb.com/bfs/aionecitycover/73b1750c56f191608d7871b8ac609bedde1cab6d.jpg,FALSE,,,,,,1
https://i0.hdslb.com/bfs/album/21459fa6780fba397ecd2b55b4db3d28e3dba83b.jpg,TRUE,,,,,,
http://i0.hdslb.com/bfs/aionecitycover/76474e24ac4987215966504d28e13edaf1bd53a9.jpg,FALSE,,,,,,
http://i0.hdslb.com/bfs/aionecitycover/58457ef60291ceae12ca5e00419e696988250487.jpg,FALSE,,,,,,
http://i0.hdslb.com/bfs/aionecitycover/25c61051379e80dec74021247ceb110c4943bbc9.jpg,FALSE,,,1,,,
http://i0.hdslb.com/bfs/aionecitycover/6b95a2f4fa79da33ed2a2a189a9c4907d27bf721.jpg,FALSE,,,,,,
http://i0.hdslb.com/bfs/aionecitycover/5ebb692f233581e16a537b8f091c7a320fde574a.jpg,FALSE,,,,,,
http://i0.hdslb.com/bfs/aionecitycover/7e85d710b17307d71063ee89a3201c140734dcad.jpg,FALSE,,,,,,
https://i0.hdslb.com/bfs/album/18698bc39779b1a49cf21c945fabcc156bb01506.jpg,TRUE,1,,,,,
http://i0.hdslb.com/bfs/aionecitycover/00906a7788437e8908ab4af861c98fd61abb839d.jpg,FALSE,,,,,,
http://i0.hdslb.com/bfs/aionecitycover/150fa9f95c41681cb67804b494c43091efe410fb.jpg,FALSE,,,,,,1
http://i0.hdslb.com/bfs/aionecitycover/b976b63c01d0c5bdd3740eed82ffcd2e780353f0.jpg,FALSE,,,,,,
https://i0.hdslb.com/bfs/album/21dd18a57264691215a3eb21fea04968e52ca318.jpg,TRUE,1,,,,,
http://i0.hdslb.com/bfs/aionecitycover/aed6bc78f8e7290f4c21813dc59ac049b056190d.jpg,FALSE,1,,,,,
https://i0.hdslb.com/bfs/album/33b3381a6f82a8029fbf9c7934299e08dd10616b.jpg,FALSE,,,,,,
https://i0.hdslb.com/bfs/album/c4e4d8d34a7efec6ffa6e88553d5828f8a76417d.png,FALSE,,,,,,
http://i0.hdslb.com/bfs/aionecitycover/dd3e869202c5ad7f1ba607abdbaab49448cc9604.jpg,FALSE,,,,,,
https://i0.hdslb.com/bfs/album/a415deee73db4fe32312cca5c7907f1c8c45d0f6.jpg,FALSE,,,,,,
https://i0.hdslb.com/bfs/album/0ca8a7dfc05dcd781baaa6906aa7c455e907e214.jpg,FALSE,,,,,,
http://i0.hdslb.com/bfs/aionecitycover/6b819caed3b05c49254292786c85d801b05199e7.jpg,FALSE,,,,,,
https://i0.hdslb.com/bfs/album/32da378dfa8b70239c9bd5eb2cfc7826a45ed86c.png,FALSE,,,,,,
http://i0.hdslb.com/bfs/aionecitycover/f1ce0fb904d5764a7369aaf11d05f81add9df501.jpg,TRUE,1,,,,,
https://i0.hdslb.com/bfs/album/0e2d8b73365ad4efe30cfbff12cacd45579b8b06.jpg,FALSE,,,,,,
http://i0.hdslb.com/bfs/aionecitycover/c729aa7f8ed0388223174b8f812abd32b7d51f29.jpg,FALSE,,,,,,
https://i0.hdslb.com/bfs/album/11a6914825bc306eba39eac78efdfb16923986e4.jpg,FALSE,,,,,,
http://i0.hdslb.com/bfs/aionecitycover/28e4003e24a05013877e4bab427480f01247ac96.jpg,FALSE,,,,,,
http://i0.hdslb.com/bfs/aionecitycover/48c2a75cc790d7f60deebaa571105f2be63411c1.jpg,FALSE,,,1,,,
http://i0.hdslb.com/bfs/aionecitycover/6b48ca25ea3bda245cb5cc8f598454cdd01b3e03.jpg,FALSE,,,,,,
http://i0.hdslb.com/bfs/aionecitycover/725de8bc36f5fbb6eae336601d586f0f485c72e1.jpg,FALSE,1,,,,,
https://i0.hdslb.com/bfs/album/056775965aef3a30eac2655e2b7f993b240004f1.jpg,FALSE,,,,,,
http://i0.hdslb.com/bfs/aionecitycover/8f9fcf61f29746b56c83ded4cfa2456c8ae2d702.jpg,FALSE,,,,,,
https://i0.hdslb.com/bfs/album/04b8b66ce95f2db039572bb9d7fb590ec0d805ed.jpg,TRUE,1,,,,,
http://i0.hdslb.com/bfs/aionecitycover/c171fb022e6bb5d14f1d2284aaa253f2b2a6001d.jpg,FALSE,,,,,,
https://i0.hdslb.com/bfs/album/482a31f593188a66e5a5002ffcf4bffb9449e8aa.png,FALSE,,,1,,,
https://i0.hdslb.com/bfs/album/05d7114e79ea3d1cc6122516995776a93263f21e.png,FALSE,,,,,,
http://i0.hdslb.com/bfs/aionecitycover/abceb4cd4d7401c100fc7de3db672b8a750b1c05.jpg,TRUE,,1,,,,
https://i0.hdslb.com/bfs/album/fb32696033869d1ef7a38f5ca9f124e3217bb665.png,FALSE,,,,,,
https://i0.hdslb.com/bfs/album/2e2685264ba07f0be94c813f46427928f2f180e2.jpg,FALSE,,,,,,
http://i0.hdslb.com/bfs/aionecitycover/8fc13d2aac0b13e477975a24be9e7d4c737aad1c.jpg,FALSE,,,,,,
https://i0.hdslb.com/bfs/album/741bf21412759758f4c393369dd044720491ce08.png,FALSE,,,,,,
http://i0.hdslb.com/bfs/aionecitycover/a4770e5ce22172576ba2fd231e78dd9388941fa0.jpg,FALSE,,,,,,
https://i0.hdslb.com/bfs/album/9a0e5228e510b315c02929263a491b3bcfb2f3d1.jpg,FALSE,,,,,,
https://i0.hdslb.com/bfs/album/1eaba3abed215b61ba3a02d1f72af1339afa5d50.jpg,FALSE,,,,,,
http://i0.hdslb.com/bfs/aionecitycover/a0382de5132e2d792317e95ecd48114f3360d6c7.jpg,FALSE,,,,,,
https://i0.hdslb.com/bfs/album/656e0bb73d46f0611b47ee60c1ab7ea5053cc770.jpg,FALSE,,,,,,
http://i0.hdslb.com/bfs/aionecitycover/e0c3e5433d0960ec888b58172ac1681d4a2f3e97.jpg,FALSE,,,,,,
https://i0.hdslb.com/bfs/album/f6a6a29bd606224afa2d15e855d632813c59c5f3.png,FALSE,,,,,,
https://i0.hdslb.com/bfs/album/ee76796cff611491e11811dd27ae691b0d3a1ce9.jpg,FALSE,,,,,,
http://i0.hdslb.com/bfs/aionecitycover/55711b09ee54e9ef836e2f7a185abbbc9977b8a6.jpg,FALSE,,,,,,1
http://i0.hdslb.com/bfs/aionecitycover/d0d0d8aa90d1426e0c2c0bb1f9810bab58386bfe.jpg,FALSE,,,,,,
http://i0.hdslb.com/bfs/aionecitycover/bbf8aca49f3e0a590ed59243b9432c5cddb7021e.jpg,FALSE,,,,,,
http://i0.hdslb.com/bfs/aionecitycover/196ed241797b26cb3c606150d2f737d9856cc067.jpg,FALSE,,,,,,
http://i0.hdslb.com/bfs/aionecitycover/3dc1f7e8e8bdad4320339cfa722a9458b0526c92.jpg,FALSE,,,,,,
http://i0.hdslb.com/bfs/aionecitycover/1d51b837a29265fe4a5f51302a8370140a159361.jpg,FALSE,,,,,,
https://i0.hdslb.com/bfs/album/095418a4dae8517497f883dcfc8b1ddc8d3493fd.jpg,FALSE,,,,,,
http://i0.hdslb.com/bfs/aionecitycover/d6ae66b67ada3e0030d4f854e5e49267bcb47195.jpg,TRUE,1,,,,,
http://i0.hdslb.com/bfs/aionecitycover/b8a925f8bc36f842a745089ef17ae8c13e497302.jpg,FALSE,,,,,,
https://i0.hdslb.com/bfs/album/1c441ab0e49fdcbaf543546c8774d71a420e859c.jpg,FALSE,,,,,,
https://i0.hdslb.com/bfs/album/e73752d82602319cb5de3ee9a7f4e0904bcc4d6c.jpg,FALSE,,,,,,
https://i0.hdslb.com/bfs/album/5244c4449936eeb0ea5a1264fc7587046b66dd10.png,FALSE,,,,,,
https://i0.hdslb.com/bfs/album/2fd68809eb3d73941f8d210d89cd62fb6b0c7f02.png,FALSE,1,,,,,
https://i0.hdslb.com/bfs/album/48c2598d19dad9dcd70ee6d8130f6f1217c97885.jpg,FALSE,,,,,,
https://i0.hdslb.com/bfs/album/f112a09ac1ce7617c89eee3bef8bb3b73b2e0d7f.jpg,FALSE,,,,,,
http://i0.hdslb.com/bfs/aionecitycover/515e3abc893cbc3de5d071ce0d741b6049076020.jpg,FALSE,,1,,,,
http://i0.hdslb.com/bfs/aionecitycover/67da275b297b659acf0ab61a6c59c58620a0e066.jpg,FALSE,,,,,,
http://i0.hdslb.com/bfs/aionecitycover/9b56795ef8a0e91597f93a306cae5684f238dd4e.jpg,FALSE,,,,,,
http://i0.hdslb.com/bfs/aionecitycover/d5fa7aaf6e3986a8371886ad39a0206965f4edc1.jpg,FALSE,,,,,,
http://i0.hdslb.com/bfs/aionecitycover/aca0b094776f3d311816b84a2489618cc7c59a08.jpg,FALSE,,,,,,
http://i0.hdslb.com/bfs/aionecitycover/6539434f480a4f22b28be584bb3a4310e77176a2.jpg,FALSE,,,1,,,
http://i0.hdslb.com/bfs/aionecitycover/975d36cd090f4cd25792470e1842f315fa148cc8.jpg,FALSE,,,,,,
https://i0.hdslb.com/bfs/album/c9f0de349cad72b41245f9b959b8fdd31037d820.jpg,FALSE,,,,,,
http://i0.hdslb.com/bfs/aionecitycover/9cbcc931a3905230c935255917658a0b26a4882a.jpg,FALSE,,,1,,,
http://i0.hdslb.com/bfs/aionecitycover/26aaa41d676e533b69c14ab15db6215d040cdecf.jpg,FALSE,,,,,,
http://i0.hdslb.com/bfs/aionecitycover/04931bee746848753a681d9c75663a0c4f5d0162.jpg,FALSE,,,,,,
http://i0.hdslb.com/bfs/aionecitycover/a8889cfdabbd1d8c9baca02a79312161a9a94924.jpg,FALSE,,,,,,
http://i0.hdslb.com/bfs/aionecitycover/7a3895122340de7a0d292aa6e1549580c44bd130.jpg,FALSE,,,,,,
https://i0.hdslb.com/bfs/album/b7fb86465beda4657168d78ae4a5c3a5c1271a61.jpg,FALSE,,,,,,
https://i0.hdslb.com/bfs/album/8e42344af0602e82e235c29bb417bc08924186f6.jpg,FALSE,,,,,,
http://i0.hdslb.com/bfs/aionecitycover/8c3191e73f4b4248a7abe7dfe5c5e6004377b7dc.jpg,FALSE,,,,,,
https://i0.hdslb.com/bfs/album/270591c5993b8bba9cd9c3a1210bdf1b7831dc1c.jpg,FALSE,,1,,,,
http://i0.hdslb.com/bfs/aionecitycover/070eadac750b3bcd123e28068d7b83be253411de.jpg,FALSE,,,,,,
https://i0.hdslb.com/bfs/album/c5bd059278e74a5e51acd16e0ea9e358de04f06d.png,FALSE,,,,,,
http://i0.hdslb.com/bfs/aionecitycover/a33b8bc698671247a6a0e3687e06dff1a0715055.jpg,FALSE,,,,,,
https://i0.hdslb.com/bfs/album/709c8f24e363b8660f3d87a2286475993011b2b1.jpg,FALSE,,,,,,
https://i0.hdslb.com/bfs/album/f499d86b4e98576b63232d59adef2754194b0e71.png,FALSE,,,,,,
https://i0.hdslb.com/bfs/album/f9bc2122de5d1f1338a4df228c7e872f12848878.jpg,FALSE,,,,,,
https://i0.hdslb.com/bfs/album/da78b521fcd93b094e846f60cb95099c34729521.png,FALSE,,,,,,
http://i0.hdslb.com/bfs/aionecitycover/4c6cd523c2ab0499ad6aba58e988abdbec13daf2.jpg,FALSE,,,,,,
http://i0.hdslb.com/bfs/aionecitycover/76b0be45ae626e44ace11babc46da56992817820.jpg,FALSE,,,,,,
https://i0.hdslb.com/bfs/album/b67d8805ee71d4e943d0d853ee51e48ed0041345.png,FALSE,,,,,,
http://i0.hdslb.com/bfs/aionecitycover/bd524fa54671aba80432900af432b73cc3d790da.jpg,FALSE,,,,,,
https://i0.hdslb.com/bfs/album/ff5705806949927ec5c979226f4e9289b1884b5d.jpg,FALSE,,,,,,
http://i0.hdslb.com/bfs/aionecitycover/a96b7d31d8e1380bf4b7eb68b420982f44981bda.jpg,FALSE,,,,,,
https://i0.hdslb.com/bfs/album/7b04c02704bbd208ea16a47faab325434ff10bd4.jpg,FALSE,,,,,,
http://i0.hdslb.com/bfs/aionecitycover/f4d6d79b474fbf4e317b2688666a8bbb80314772.jpg,FALSE,,,,,,
https://i0.hdslb.com/bfs/album/760be2dffa3d19728918be33ae7d4c2ae5433fe7.jpg,FALSE,,,,,,
http://i0.hdslb.com/bfs/aionecitycover/40afbe987d7e77c4bfa49090f600901845ec137f.jpg,FALSE,,,,,,
http://i0.hdslb.com/bfs/aionecitycover/4dfdf9fc43385db1b68339d0df51b3fc19a29d74.jpg,FALSE,,,,,,
https://i0.hdslb.com/bfs/album/65c1dde423394039944434afc7afc587446cc125.jpg,FALSE,,,,,,
https://i0.hdslb.com/bfs/album/5fd352740c269a93c28537325202f904e37adc1b.jpg,FALSE,,,,,,
http://i0.hdslb.com/bfs/aionecitycover/90cd727f998ae8356805b3c1c0249fccaaa5fe69.jpg,FALSE,,,,,,
https://i0.hdslb.com/bfs/album/6d2d668b888e8586bd0139e9ea34781f6ac6d237.jpg,TRUE,1,,,,,
http://i0.hdslb.com/bfs/aionecitycover/4be1b412818e606ef4ba66045d6daaed1b068c10.jpg,FALSE,,,,,,
https://i0.hdslb.com/bfs/album/dc5287aa0c8099ce5f7cacff811469a38f50c5db.png,FALSE,,,,,,
http://i0.hdslb.com/bfs/aionecitycover/538fae0e07034df7880869db460c4711390b83d8.jpg,FALSE,1,,,,,
https://i0.hdslb.com/bfs/album/fdf0364a7a9a169855138dcc32c358d3bd1dd068.png,FALSE,1,,,,,
https://i0.hdslb.com/bfs/album/439b9363a6110e60ac718a6ee53c3bd6078048f9.jpg,FALSE,,,,,,
https://i0.hdslb.com/bfs/album/d0ec17342741977405f648fd15f7b9a33743f97b.png,FALSE,,,,,,
http://i0.hdslb.com/bfs/aionecitycover/74b7b9bb759a204c4fc4da85b312c804357095f7.jpg,FALSE,,,,,,
http://i0.hdslb.com/bfs/aionecitycover/32ecc2bb82dd393d340620d57007c6abb2c3f10e.jpg,FALSE,,,,,,
https://i0.hdslb.com/bfs/album/50a9e042a88c924bc785a6231f311772accee2dc.jpg,FALSE,1,,,,,
http://i0.hdslb.com/bfs/aionecitycover/76f41fb012f46cadc4c1fef88e7fca70213e101c.jpg,FALSE,,,,,,
http://i0.hdslb.com/bfs/aionecitycover/5d291511b3a0eda66c224b66dee1a064d3f106dd.jpg,FALSE,,,,,,
http://i0.hdslb.com/bfs/aionecitycover/9b523d050248810ddea229248b3d1ec924c17627.jpg,FALSE,,,,,,
http://i0.hdslb.com/bfs/aionecitycover/fccf39e4a560570012a426d2c9a499e81e1934e6.jpg,FALSE,,,,,,
http://i0.hdslb.com/bfs/aionecitycover/c68548c0bce9637daa9a3258dde10995c6cf0bcc.jpg,FALSE,,,,,,
http://i0.hdslb.com/bfs/aionecitycover/439b483f9545028cbed845dfcaa8c07a47d599b0.jpg,FALSE,,,,,,
https://i0.hdslb.com/bfs/album/d2f79a83107026046f77c3163651035e92b04992.jpg,FALSE,,,,,,
http://i0.hdslb.com/bfs/aionecitycover/b3ad7813e2fb90036c66306b358d3c27d74f62be.jpg,FALSE,,,,,,
http://i0.hdslb.com/bfs/aionecitycover/6317e68f884ac0d106962e4466912a18b508fdbe.jpg,FALSE,,,,,,
https://i0.hdslb.com/bfs/album/026a4d51ef6c517bf392b7e675288e53db461d24.jpg,FALSE,,,,,,
http://i0.hdslb.com/bfs/aionecitycover/a9a546cc426c3c5480f428b63e214243c1bc5069.jpg,FALSE,,,,,,
http://i0.hdslb.com/bfs/aionecitycover/e2071a9b4b5d61652ecf55880d90ad775e0058c9.jpg,FALSE,,,,,,
https://i0.hdslb.com/bfs/album/ba55df4a7df255e263d4003d83893cd6e0df6887.jpg,FALSE,,,,,,
https://i0.hdslb.com/bfs/album/dd869599787e52b7f18f62ca5f0dd682a02b8607.jpg,TRUE,1,,,,,
http://i0.hdslb.com/bfs/aionecitycover/79b05e921c3bbf355e0e505e9e51a769692daef1.jpg,FALSE,,,,,,
http://i0.hdslb.com/bfs/aionecitycover/dea7dbe8c13f929567f8180397004c2692ea2eaf.jpg,FALSE,,,,,,
http://i0.hdslb.com/bfs/aionecitycover/288b4a07840aadcd2d8ed508449962e9a18ab7ec.jpg,FALSE,,,,,,
http://i0.hdslb.com/bfs/aionecitycover/dbad192f0a1052ef6bf4fda1fc0b7becf0350f65.jpg,FALSE,,,,,,
http://i0.hdslb.com/bfs/aionecitycover/c46619ed4f9d5b26ff7f86dd606edcc2793b53d5.jpg,FALSE,1,,,,,
https://i0.hdslb.com/bfs/album/e71ad3f93323629cd8d406577491991aefecc454.jpg,FALSE,,,,,,
http://i0.hdslb.com/bfs/aionecitycover/fecccc3b3c2ae1376966cd871d0cd85ebc0f7f0f.jpg,FALSE,,,,,,
https://i0.hdslb.com/bfs/album/178631eec7c5c7a4a9a29323ec4c389cc3f2c504.jpg,FALSE,,,,,,
http://i0.hdslb.com/bfs/aionecitycover/70a579d4a54a0537b292c95a08ddac99597e695f.jpg,FALSE,,,,,,
http://i0.hdslb.com/bfs/aionecitycover/b4d83fe59a043a79d0508b5c4c65bfe055fd290f.jpg,FALSE,,,,,,
https://i0.hdslb.com/bfs/album/c5c3850f01965de0c7ceec6c77c975cb65cb7156.png,TRUE,1,,,,,
http://i0.hdslb.com/bfs/aionecitycover/362af91e60acf696a513e80d9293d9515b991bc8.jpg,FALSE,1,,,,,
http://i0.hdslb.com/bfs/aionecitycover/161d8af91bf600ec94fd1d8d797d37a7acc750b7.jpg,FALSE,,,,,,
https://i0.hdslb.com/bfs/album/2623dd475cbabb64f6c6fdd2dc2890511902e35a.jpg,FALSE,,,,,,
http://i0.hdslb.com/bfs/aionecitycover/c1c47f1219d2a0252c65c6ee6e63b9ff3eb3d2be.jpg,FALSE,,,,,,
http://i0.hdslb.com/bfs/aionecitycover/947120402a3160961f170b87f7247bf973fc63af.jpg,FALSE,,1,,,,
http://i0.hdslb.com/bfs/aionecitycover/dd6d7ae8c1cf33df124b459763ff1f01f38442d9.jpg,FALSE,,,,,,
http://i0.hdslb.com/bfs/aionecitycover/46b707739fa309e796391f32132be570af1a203f.jpg,FALSE,,,,,,
https://i0.hdslb.com/bfs/album/7d1bf2d82e3107f2421608a69722abbb1a66df95.gif,TRUE,,,,,,
http://i0.hdslb.com/bfs/aionecitycover/ca9d16d91999e91e4e8fab8881eb791b8d225a3a.jpg,FALSE,,,,,,
https://i0.hdslb.com/bfs/album/ee7a8788196cd8c5fd86c06d1bacda2ccecf7e76.jpg,FALSE,,,,,,
https://i0.hdslb.com/bfs/album/453a977c237179c2435c941b154858823d390185.png,FALSE,1,,,,,
https://i0.hdslb.com/bfs/album/2f664a809f79b805deb55827c8a2aeb5299324d3.png,FALSE,,,,,,
https://i0.hdslb.com/bfs/activity-plat/static/8a3e1fa14e30dc3be9c5324f604e5991/tYXtlw7nf.png,FALSE,1,,,,,
http://i0.hdslb.com/bfs/aionecitycover/02584449e9bbbf3cc07265ef0ae9782c4ab44fe3.jpg,FALSE,1,,,,,
https://i0.hdslb.com/bfs/album/2c7c1c6bc8fb535d512331deb5bde39391f570d4.jpg,FALSE,1,,,,,
http://i0.hdslb.com/bfs/aionecitycover/62618379f98b83337644b6c29eb6e506f14cbf1b.jpg,FALSE,,,,,,
http://i0.hdslb.com/bfs/aionecitycover/cb685a172d335304cef41c380c095fc6462a70cb.jpg,FALSE,,,,,,
https://i0.hdslb.com/bfs/album/87bbaf11237375c437b1c3b575b6932e25136352.png,FALSE,1,,,,,
https://i0.hdslb.com/bfs/album/2c43b7b3dc3551ea72dfb7beb11f41b28a32640a.jpg,FALSE,,,,,,
https://i0.hdslb.com/bfs/album/82d849dd94e8d329853b351c1b5446033d367218.jpg,FALSE,1,,,,,
http://i0.hdslb.com/bfs/aionecitycover/13f64859df0aff76e87aff129bc594fdbb992064.jpg,FALSE,,,,,,
http://i0.hdslb.com/bfs/aionecitycover/1924bc9b4a0bd97fe2d631fad133bb350c4bf915.jpg,FALSE,,,,,,
https://i0.hdslb.com/bfs/album/3ecccdf1a5bc2673df0056fab758d7d227a471c3.jpg,FALSE,,,,,,
http://i0.hdslb.com/bfs/aionecitycover/c5f2bc20e8b9378fcb19ff9ddda4addcd667dff9.jpg,FALSE,,,,,,
http://i0.hdslb.com/bfs/aionecitycover/5e84a801150b364777a735b4247042f6d5d08407.jpg,FALSE,,,,,,
https://i0.hdslb.com/bfs/album/7e61846b7e22659561f6aaad9dedd2bed4a6be9f.jpg,TRUE,,,,,,
http://i0.hdslb.com/bfs/aionecitycover/25ca99ef944e7d1a7eea3e154abd8555c832fb79.jpg,FALSE,,,,,,
http://i0.hdslb.com/bfs/aionecitycover/00c2d5b184a094e2b4dce5badab441a8bdfcf7ce.jpg,FALSE,,,,,,
http://i0.hdslb.com/bfs/aionecitycover/24737131b153484adcf762462af3e7ceee4eebf1.jpg,FALSE,,,,,,
https://i0.hdslb.com/bfs/album/c12acc9f328476a9d91e22016dd39e9df03535d5.png,FALSE,,,,,,
http://i0.hdslb.com/bfs/aionecitycover/d8d7fc66cc9630cb88737e14c2184227f7a67320.jpg,FALSE,,,,,,
http://i0.hdslb.com/bfs/aionecitycover/291d1e0104f2cc283518f68bd73c1a5c3d99040c.jpg,FALSE,,,,,,
http://i0.hdslb.com/bfs/aionecitycover/a255f77716d8b9662944374495e3212bf837f8b7.jpg,FALSE,,,,,,
https://i0.hdslb.com/bfs/album/9e8eda5d2ea6b4fed5b314aa33d724ac22079769.png,FALSE,,,,,,
http://i0.hdslb.com/bfs/aionecitycover/b97c35aa1aa6eda2f556385ea96b4d69e794a71b.jpg,FALSE,,,,,,
http://i0.hdslb.com/bfs/aionecitycover/3d066e44ffda8c11d6b4fa15736ea904ab4841cd.jpg,FALSE,,,,,,
http://i0.hdslb.com/bfs/aionecitycover/badc2c89ec06974d2d34443da85f0649be77930b.jpg,FALSE,,,,,,
http://i0.hdslb.com/bfs/aionecitycover/bd0d895ef7ad253466e250e3264ae85a9cecca5d.jpg,FALSE,,,,,,
https://i0.hdslb.com/bfs/album/a67266badf31d66910db4607f7d98a510bb04329.jpg,FALSE,1,,,,,
http://i0.hdslb.com/bfs/aionecitycover/3a5838f1c9aa3ea33f244e2db88cf228fa1bb757.jpg,TRUE,,,,,,
http://i0.hdslb.com/bfs/aionecitycover/cc77ebc4c23e6ab918d0623b60952d15c4c77932.jpg,FALSE,,,,,,
http://i0.hdslb.com/bfs/aionecitycover/df7b9ed44461211c2b2742fcdef47c6980260647.jpg,TRUE,1,,,,,
https://i0.hdslb.com/bfs/album/55e0c480a2828366e4831d9f1612b9af3c80b44c.jpg,FALSE,,,,,,
http://i0.hdslb.com/bfs/aionecitycover/4bfb1c4b40a71533557db37655b0f7a5f30315c3.jpg,FALSE,,,,,,
http://i0.hdslb.com/bfs/aionecitycover/dd8b35e2028ac21ccb73850730acff1102e94dbe.jpg,FALSE,,,,,,
http://i0.hdslb.com/bfs/aionecitycover/2efc64e50b0b08a55742fa187608bdd97ef8e1be.jpg,FALSE,,,,,,
http://i0.hdslb.com/bfs/aionecitycover/bf121e4767270af9be0a008c4de6f60ae4171a0b.jpg,FALSE,,1,,,,
https://i0.hdslb.com/bfs/album/9078c5ea1a0183e787c16d8b661305ae897cb352.jpg,FALSE,,,,,,
https://i0.hdslb.com/bfs/album/1532c08e707353c705b1cdfff434dc6ea823fe99.jpg,FALSE,,,,,,
http://i0.hdslb.com/bfs/aionecitycover/bb1ea6db0e134ca58b56d8ee0eda9bbcce8f2271.jpg,FALSE,,,,,,
http://i0.hdslb.com/bfs/aionecitycover/99034aca6392e303b62d8b256077102451a1cb6b.jpg,TRUE,1,,,,,
https://i0.hdslb.com/bfs/album/37a8d0d50f174f49b6e160591d6a71a0f06c1ef4.png,FALSE,1,,,,,
http://i0.hdslb.com/bfs/aionecitycover/10be231a3bb0d326e6f771ffe6410b98c7c39800.jpg,FALSE,,,,,,1
https://i0.hdslb.com/bfs/album/218cf62f0875bc0e4612038ef6230817cd770ce3.jpg,FALSE,,,1,,,
http://i0.hdslb.com/bfs/aionecitycover/92967b275f50604f68bb183a15e5b70385a464e1.jpg,FALSE,,,,,,
http://i0.hdslb.com/bfs/aionecitycover/f803002f0055190628eeee4c600e6f63642513c5.jpg,FALSE,,,,,,
http://i0.hdslb.com/bfs/aionecitycover/30c0df836c36d5d51c4811c7eea34272e84d9c47.jpg,FALSE,1,,,,,
https://i0.hdslb.com/bfs/album/bdf2552a8d98e193c3fbb35abd1bc1c37b0a1d67.jpg,FALSE,,,,,,
http://i0.hdslb.com/bfs/aionecitycover/c528d16f13a9817dbab4f9d0bb2cac885cefea46.jpg,FALSE,,,,,,
http://i0.hdslb.com/bfs/aionecitycover/8489c0f69593f48c8ea268f4cb925932068f0258.jpg,FALSE,,,,,,
https://i0.hdslb.com/bfs/album/6087ecb3a45cc79e9565f07a332fcec32d0b96a7.png,TRUE,1,,,,,
http://i0.hdslb.com/bfs/aionecitycover/1d1a25cca07ae27b732660811a023929b010ee68.jpg,FALSE,,,,,,
http://i0.hdslb.com/bfs/aionecitycover/6d3324bd8930636d3312c71f5e10473abfdf2299.jpg,FALSE,,,,,,
https://i0.hdslb.com/bfs/album/c8f088b707d001732fd95b53ad173e51ebc8100b.jpg,FALSE,,,,,,
https://i0.hdslb.com/bfs/album/003789feec8b1f04e2f4678169708fbbb5f7a1ff.jpg,FALSE,,,,,,
http://i0.hdslb.com/bfs/aionecitycover/877d64576021081b5a666294788de78d2dbf438f.jpg,FALSE,,,,,,
http://i0.hdslb.com/bfs/aionecitycover/0e6f992f6193a822b83e8ae8e8ae69528f9df241.jpg,FALSE,,,,,,
http://i0.hdslb.com/bfs/aionecitycover/80d25b1771d46cbcd0cab3c83685e460dfb6152e.jpg,FALSE,,,,,,
https://i0.hdslb.com/bfs/album/33376c8de6e0d81e8e6711280ff551afe3986c62.jpg,FALSE,,,,,,
https://i0.hdslb.com/bfs/album/1b939334fce638167a176d41f23a11abbec4efb8.jpg,TRUE,1,,,,,
http://i0.hdslb.com/bfs/aionecitycover/d9d7492f1df1498afca9600506d6dcc4083c02be.jpg,FALSE,,,,,,
http://i0.hdslb.com/bfs/aionecitycover/6a3c48d4f6ef0c46c7fd9413e92e6da79ca1eae9.jpg,FALSE,,,,,,
http://i0.hdslb.com/bfs/aionecitycover/f3e10506d2cf77caa3d0440f379992e288041208.jpg,FALSE,,,,,,
https://i0.hdslb.com/bfs/album/a96abb765e6a4505a76dd148ec1dc459832a5000.jpg,FALSE,,,,,,
http://i0.hdslb.com/bfs/aionecitycover/c110c785ced0fc0ae554c5dedbbc83ac8ac4cc46.jpg,FALSE,,,,,,
http://i0.hdslb.com/bfs/aionecitycover/d124deefc89c3ca33d763cf06905cd595e668b57.jpg,FALSE,,,,,,
https://i0.hdslb.com/bfs/album/9588f10fe3ccb9763bc11214a0bc52747bea86ab.gif,TRUE,,,,,1,
https://i0.hdslb.com/bfs/album/fa2b9751e91b3e2d370fef1f65f392f96ee75ea2.png,FALSE,,,,,,
https://i0.hdslb.com/bfs/album/b4da759a76b3696794a146172384543e43a6a624.jpg,FALSE,,,,,,
https://i0.hdslb.com/bfs/activity-plat/static/20210305/5f57b396dd5d4d64cd7821de45ca266e/2UXscqSakU.png,FALSE,,,,,,
http://i0.hdslb.com/bfs/aionecitycover/d119d69c33734e87ac2bdcdef7291fcec21b9a77.jpg,FALSE,,,,,,
https://i0.hdslb.com/bfs/album/3a711facad02f43e4fb8e020508ffa618df4dca3.png,FALSE,,,,,,
http://i0.hdslb.com/bfs/aionecitycover/96d44347fcf7cc334a275b52d04724cea3ece3ca.jpg,FALSE,,,,,,
http://i0.hdslb.com/bfs/aionecitycover/4b55a7e2f47301ab3150b3ecf621f825a6bfd48b.jpg,FALSE,,,,,,
http://i0.hdslb.com/bfs/aionecitycover/65ee728b599d87d76d37848ba3eda92fd1dd6eeb.jpg,TRUE,1,,,,,
http://i0.hdslb.com/bfs/aionecitycover/62d0aaa4acbeda6adcba0933b174fa63c99297fb.jpg,FALSE,,,,,,
http://i0.hdslb.com/bfs/aionecitycover/6dae28fcdea8b4a836540ce6682e519474bc16e3.jpg,FALSE,,,,,,
https://i0.hdslb.com/bfs/album/f7f5660c8b4883bfdc604468ca491fc0675175a4.jpg,FALSE,,,,,,
https://i0.hdslb.com/bfs/album/a3973485004a79214d4e22aeb2cdd135e59fcb3d.png,FALSE,,,,,,
http://i0.hdslb.com/bfs/aionecitycover/b0f9970b4e41dc8d6f47f977788693ae07bc128f.jpg,FALSE,,,,,,
https://i0.hdslb.com/bfs/album/cf01615ca5caf521750ccea6eac76d955d17d25c.jpg,TRUE,1,,,,,
http://i0.hdslb.com/bfs/aionecitycover/3058932a00a491be4daf0b537e128bdc9f81ad82.jpg,FALSE,,,,,,
http://i0.hdslb.com/bfs/aionecitycover/a7be8afb5b27af387f6a8c4c9d5b277c6c62e8df.jpg,FALSE,,,,,,
http://i0.hdslb.com/bfs/aionecitycover/7604a587ce24d42d4541964942165bec54074b46.jpg,FALSE,,,,,,
http://i0.hdslb.com/bfs/aionecitycover/a892442337125c7342d229ee0ca28b229522755a.jpg,FALSE,,,,,,
http://i0.hdslb.com/bfs/aionecitycover/2735c41a93315cbe17132e13439f1a1c8efd416d.jpg,FALSE,,,,,,
http://i0.hdslb.com/bfs/aionecitycover/e531ce562799c71d36b2c0e6791b5d66fa211d1f.jpg,FALSE,,,,,,
http://i0.hdslb.com/bfs/aionecitycover/895759a480f6acf7904ddeaf1d84e1f8de7c673a.jpg,FALSE,,,,,,
http://i0.hdslb.com/bfs/aionecitycover/21c6d593d936acbe0751a082f99e83d1908a2398.jpg,FALSE,,,,,,
https://i0.hdslb.com/bfs/album/3f05ca60fcd649038b9343c475e98b9fd594d33f.jpg,FALSE,,,,,,
http://i0.hdslb.com/bfs/aionecitycover/ff076a6f46aff61ec2ae754fe3fa3ed1362b636d.jpg,FALSE,,,,,,
https://i0.hdslb.com/bfs/album/c9f1b20d91569dac0369b9e93e6c99b89152bfa5.jpg,FALSE,,,,,,
https://i0.hdslb.com/bfs/album/d916e25887f6d277b7b47980bf3aea0dc038839e.jpg,FALSE,,,,,,
http://i0.hdslb.com/bfs/aionecitycover/d43323abf4b584877fcdd3e1e3ccc5012bf43fa8.jpg,FALSE,,,,,,
http://i0.hdslb.com/bfs/aionecitycover/ac89e4e9a982aca715470a8a07a7a37e7f0428cb.jpg,FALSE,,,,,,
http://i0.hdslb.com/bfs/aionecitycover/706e5fe91b750378ba6bb4d68531d0bca6fee3fb.jpg,FALSE,,1,,,,
http://i0.hdslb.com/bfs/aionecitycover/8bca875e27a62f5c03491e13db8676585befc259.jpg,FALSE,,1,,,,
http://i0.hdslb.com/bfs/aionecitycover/d5af9e2d10e3659ec5fb90bb43783fec9f15f14e.jpg,FALSE,,,,,,
http://i0.hdslb.com/bfs/aionecitycover/92b0a2a34cfea20d339232324babed472e19083f.jpg,FALSE,,,,,,
http://i0.hdslb.com/bfs/aionecitycover/3ac22383767afab424808c14d856ef8744327f95.jpg,FALSE,,,,,,
https://i0.hdslb.com/bfs/album/6a4412454e01e5800adc9dde0c6d45c19a8cd426.png,FALSE,,,,,,
https://i0.hdslb.com/bfs/album/f1208e2109374bc7035e3956dd6e2aad1a8212c4.jpg,TRUE,1,,,,,
http://i0.hdslb.com/bfs/aionecitycover/4f7512bf8183caf6c569252dd09a644f6afb8c7c.jpg,FALSE,,1,,,,
http://i0.hdslb.com/bfs/aionecitycover/1c295515d042fd2a2bbf1d3ad0667f61073aa49b.jpg,FALSE,,,1,,,
https://i0.hdslb.com/bfs/album/f776e47df45cc26fe564641493ef89f512db337c.jpg,FALSE,,,,,,
https://i0.hdslb.com/bfs/album/f52a41af4a420c5a3ef9cc626655e23a5c50a668.jpg,FALSE,,,,,,
http://i0.hdslb.com/bfs/aionecitycover/15fb475814b9c2455acd6096f3a0d5afdde8e3e6.jpg,FALSE,,,,,,
http://i0.hdslb.com/bfs/aionecitycover/764f08bdb6a44bc2ba98c81dc12ab115bc3ba1d1.jpg,FALSE,,1,,,,1
http://i0.hdslb.com/bfs/aionecitycover/ac122ef5fcd5d325836985e938dff6ab24a5a0d6.jpg,FALSE,,,,,,
http://i0.hdslb.com/bfs/aionecitycover/65932a71d353fa057bc114a3fc69b264463e7e95.jpg,FALSE,,,,,,
http://i0.hdslb.com/bfs/aionecitycover/5e065ecdfb09d6ca532be7f724953273ecabf541.jpg,TRUE,,,,,,
http://i0.hdslb.com/bfs/aionecitycover/4605073503933d8a143d7db28818b08e560f59c9.jpg,FALSE,,,,,,
http://i0.hdslb.com/bfs/aionecitycover/8d622be67456ac8c51fe02fa381f9a9044ce3576.jpg,FALSE,,,,,,
http://i0.hdslb.com/bfs/aionecitycover/0884924e7ef3fa41c2be51346b2a2272c70f7523.jpg,FALSE,,,,,,
http://i0.hdslb.com/bfs/aionecitycover/cd1394c1b2e33a62fd815336909c2e31e1c8c5a4.jpg,FALSE,,,,,,
http://i0.hdslb.com/bfs/aionecitycover/642133311854036502301207e46b569b87369ffd.jpg,FALSE,,,,,,
http://i0.hdslb.com/bfs/aionecitycover/e53aa539199bb5f419968e0b50e04ae02c95bafe.jpg,FALSE,,,,,,1
http://i0.hdslb.com/bfs/aionecitycover/58dbe4b2a72043dcbad85ecbb00c34b9bef319f6.jpg,FALSE,,,,,,
https://i0.hdslb.com/bfs/album/52b3b7f4954e6ba7b67fed370012544510f6d85e.png,FALSE,,,,,,
https://i0.hdslb.com/bfs/album/d252e9321544b9c05f050180437bd51f814eac71.jpg,FALSE,,,,,,
https://i0.hdslb.com/bfs/album/961de90ccf392c707801aea0b7808538de9cfffc.jpg,TRUE,1,,,,,
http://i0.hdslb.com/bfs/aionecitycover/d3093468b34f84883a41a607635ae933a08705b4.jpg,FALSE,,,,,,
https://i0.hdslb.com/bfs/album/029329dc679ef37d3bfae678e2cbf04eac5a65e0.jpg,FALSE,,,,,,
http://i0.hdslb.com/bfs/aionecitycover/9ba0fc8a26094ba7dba648484229e94b59f251e6.jpg,FALSE,,,,,,
https://i0.hdslb.com/bfs/album/aa62ea01e5f62aaf12475d3ece511962d6b70464.png,FALSE,,,,,,
http://i0.hdslb.com/bfs/aionecitycover/efeb3d40bdd8a8880536201c30aba880fd140c47.jpg,FALSE,,,,,,
http://i0.hdslb.com/bfs/aionecitycover/5e1efb00ff5dadfa0a3431cb2dcd006226bbf9b2.jpg,FALSE,,,,,,
https://i0.hdslb.com/bfs/album/e969d070a5299ec6fd67b1c61623b739db369edd.jpg,FALSE,,,,,,
http://i0.hdslb.com/bfs/aionecitycover/49cded8716c9c19213f8a03c8e82dd746e469773.jpg,FALSE,,,,,,
http://i0.hdslb.com/bfs/aionecitycover/da5d8cbc798bdfa2eed189a7012ca9954f1f7db5.jpg,FALSE,,,,,,
http://i0.hdslb.com/bfs/aionecitycover/92cdfe02d02edeee162af1b92d220d6e3c9bf2a7.jpg,FALSE,,,,,,
http://i0.hdslb.com/bfs/aionecitycover/e03f586bd9d66624517e9ee8ebe5f9d50c3bf45b.jpg,FALSE,,,,,,
https://i0.hdslb.com/bfs/album/f784e25b1de62248b092e4ff59362c053e5917e3.jpg,TRUE,1,,,,,
http://i0.hdslb.com/bfs/aionecitycover/edbb6f75e0b86eea936e6aba4625a03789dd6200.jpg,FALSE,,,,,,1
http://i0.hdslb.com/bfs/aionecitycover/bbc2305904c21f0a9b92fd556b66d5f704813904.jpg,FALSE,,,,,,
https://i0.hdslb.com/bfs/album/8b58f03b04a5971de8c493d3559573943ed0cec9.png,FALSE,,,,,,
https://i0.hdslb.com/bfs/album/599d47e850cb4f52dc56f86c7e6a1743d6866074.jpg,FALSE,,,,,,
https://i0.hdslb.com/bfs/album/fdaa3abbdefbcbb3fff5ea63efc8965f21d43282.jpg,FALSE,,,,,,
https://i0.hdslb.com/bfs/album/aa1d6e4e3b0b7cf5502af925a5c1fec13896922b.jpg,FALSE,,,,,,
https://i0.hdslb.com/bfs/album/5dccb1c499a1b8cb3e89326554d93acbb2a33cde.jpg,TRUE,1,,,,,
http://i0.hdslb.com/bfs/aionecitycover/e81bbeb76d548eef605c1c80fe63d415631f04fe.jpg,FALSE,,,,,,
http://i0.hdslb.com/bfs/aionecitycover/aebfbb4d83362a185537895c889cd2c6fb4422f7.jpg,FALSE,,,,,,
http://i0.hdslb.com/bfs/aionecitycover/1d1b93b1bb34faf368b4bf85c16d5a647d751667.jpg,FALSE,,,,,,
http://i0.hdslb.com/bfs/aionecitycover/28006477e3e9630ad2cd3d6da3825365f4ab0ab9.jpg,FALSE,,,,,,
http://i0.hdslb.com/bfs/aionecitycover/24f69307b822d7221e95ef54f5678262bb7079a1.jpg,FALSE,,,,,,
https://i0.hdslb.com/bfs/album/fb4ab60e183ed5c5f3158fca4d953ecd957dec47.jpg,FALSE,,,,,,
http://i0.hdslb.com/bfs/aionecitycover/60310792ace39844f0cbdd7d720d5063ad92a5c4.jpg,FALSE,,,,,,
http://i0.hdslb.com/bfs/aionecitycover/2ce81b47b0ae4df5ef7e30ad048986df3ba7fa92.jpg,FALSE,,,,,,
http://i0.hdslb.com/bfs/aionecitycover/1ffc8c632ecdb04750e083b826ad88f74d9b15c8.jpg,FALSE,,,,,,
https://i0.hdslb.com/bfs/album/dc9178983df66d3e07ceb38e1229428efe9c39a0.jpg,FALSE,,,,,,
http://i0.hdslb.com/bfs/aionecitycover/2daedc8904543962d3539600dbd8c6110f359f18.jpg,FALSE,,,,,,
http://i0.hdslb.com/bfs/aionecitycover/fd2a22ae77f2c8f9f17cc87464e6ffb6cd4cb449.jpg,FALSE,,,,,,
http://i0.hdslb.com/bfs/aionecitycover/f35ee60596c1b788f4309120d16c8ef829b358f3.jpg,FALSE,,,,,,
http://i0.hdslb.com/bfs/aionecitycover/cf5056105af65820a855a60dbfbe84ef3038a405.jpg,FALSE,,,,,,
https://i0.hdslb.com/bfs/album/4a80af01e98234e449b1d45b88183ae8adbe2f6d.jpg,FALSE,,,,,,
http://i0.hdslb.com/bfs/aionecitycover/739bce2cb0049fadfe3cd4f8ae3ebd92081e15fe.jpg,FALSE,,,,,,
https://i0.hdslb.com/bfs/album/edb57daa163cd605ff20cd8816d39779c907b485.png,TRUE,,,,,,
https://i0.hdslb.com/bfs/album/53b5349f8d7b01dcc328b7cfd04d7d8e17143da3.jpg,FALSE,,,,,,
http://i0.hdslb.com/bfs/aionecitycover/1da94887b879bee8ba3090e90b28579cdac98881.jpg,FALSE,,,,,,
http://i0.hdslb.com/bfs/aionecitycover/f81051f9c217df6e2ed1ab257459329dda50e9f2.jpg,FALSE,,,,,,
https://i0.hdslb.com/bfs/album/e784b22961b2bf6132598e2fd75256c66c54e56e.jpg,FALSE,,,,,,
https://i0.hdslb.com/bfs/album/7ade43a1622d0c028b79f76b88e088da3ce057e3.jpg,FALSE,,,,,,
http://i0.hdslb.com/bfs/aionecitycover/b7c1935c8e042976c3664eed4ab0ce343ff6f8c0.jpg,FALSE,,,,,,1
http://i0.hdslb.com/bfs/aionecitycover/323330e75829d98aae4adf226c4368e5403ee46b.jpg,FALSE,,,,,,
http://i0.hdslb.com/bfs/aionecitycover/e67e6261896fe2c449a6d6ea7fa39775dd6a1775.jpg,FALSE,,,,,,
https://i0.hdslb.com/bfs/album/02a184ac1e6e8cc8b77b9f393b2a25904628f9be.jpg,FALSE,,,,,,
https://i0.hdslb.com/bfs/album/47fee06ee01868f327d4cd04918682ec72e6b010.jpg,FALSE,,,,,,
https://i0.hdslb.com/bfs/album/1f09909aec2e02c02ef705be4c61a34fa389357f.jpg,FALSE,,,,,,
https://i0.hdslb.com/bfs/album/095fb1077632ea939c00faf994699af531bd9f7e.png,FALSE,,,,,,
http://i0.hdslb.com/bfs/aionecitycover/5d309d64b2493ae9068965675627d8ec63d17747.jpg,FALSE,,,,,,
http://i0.hdslb.com/bfs/aionecitycover/129db56bbb56fe9f425ee909a218801b96f7272d.jpg,FALSE,,,,,,
http://i0.hdslb.com/bfs/aionecitycover/2c83590b4bc197512978777c71bb232fdbac64b0.jpg,FALSE,,,,,,
https://i0.hdslb.com/bfs/album/488e14e34b85ce97bf33359beb710099c199e05d.png,FALSE,,,,,,
http://i0.hdslb.com/bfs/aionecitycover/e3c97bebeacda4d20843077e1fb9c8b0e7b9954c.jpg,FALSE,,,,,,
http://i0.hdslb.com/bfs/aionecitycover/eef9e98ac50264d888bfa409b62f12bbc02ba103.jpg,FALSE,,,,,,
http://i0.hdslb.com/bfs/aionecitycover/55d05f64fd33d62657a80ffd8b04e08bc7217abd.jpg,TRUE,,,,,,
https://i0.hdslb.com/bfs/album/0cf110fbf86d00ba46a2e274d73dc8a3963d62e8.jpg,FALSE,,,,,,
https://i0.hdslb.com/bfs/album/dd922d2de67524682c41ae5c57dfe2966052ac62.jpg,FALSE,,,,,,
http://i0.hdslb.com/bfs/aionecitycover/bf6d521aa65e836ce3c678d7dd3815660511ad90.jpg,FALSE,,,,,,
https://i0.hdslb.com/bfs/album/bd2f0ab6b0f73c5f4600a306ea229b08699667e6.png,TRUE,1,,,,,
https://i0.hdslb.com/bfs/album/9ded111a298bc391afab53c54dd865872894a89a.jpg,TRUE,1,,,,,
https://i0.hdslb.com/bfs/album/ee4f13da39d8d45bd0505a4d8cece81a642fec03.png,FALSE,,,,,,
https://i0.hdslb.com/bfs/album/05012688f467fcb3cd99c890e8935d10aeaf36c6.jpg,FALSE,,,,,,
https://i0.hdslb.com/bfs/album/eda077ba30bf760cbb3372f8fb256fd3873e9821.jpg,FALSE,,,,,,
https://i0.hdslb.com/bfs/album/e05ce9e4e97fa1118ef09cbd3bbbec78ad3c8097.jpg,FALSE,,,,,,
https://i0.hdslb.com/bfs/album/072bde550f3f453e56b3f115db69d8d3d83c1b6c.jpg,FALSE,,,,,,
http://i0.hdslb.com/bfs/aionecitycover/128e8b943fa0c48ba6a5cac7f98290d729b11f16.jpg,FALSE,,,,,,
https://i0.hdslb.com/bfs/album/e840762a486c9b2755abab0dd94aa5165f88e2e3.jpg,FALSE,,,1,,,
http://i0.hdslb.com/bfs/aionecitycover/d9cfdc2b9a54b2cab7eea300edf445d2d2f27ad4.jpg,FALSE,,,,,,
http://i0.hdslb.com/bfs/aionecitycover/b188e84d2fb06c26ebaa76361a89f99e2ac18e5d.jpg,FALSE,,,,,,
http://i0.hdslb.com/bfs/aionecitycover/0309afea776f509fdbbc2bd93bd8f8cf9e298f10.jpg,FALSE,,,,,,1
https://i0.hdslb.com/bfs/album/0e5d068c74a8824e59fb8f45662bc38ae56d8b06.png,TRUE,1,,,,,
https://i0.hdslb.com/bfs/album/24dd0d0bed0758de1879d53292d0bd337bd7e816.png,FALSE,,,,,,
https://i0.hdslb.com/bfs/album/a7664709a7268f6a54d3b37e210eb32771ece683.jpg,FALSE,,,,,,
https://i0.hdslb.com/bfs/album/9769c478283a44cdcb6e8014ff7205bf8e498fbc.jpg,FALSE,,,,,,
http://i0.hdslb.com/bfs/aionecitycover/0f17d9cbf859a99562385800c130d88b6ac60448.jpg,FALSE,,,,,,
http://i0.hdslb.com/bfs/aionecitycover/a4d0f3ed4cef7cb2158bc4384f7d90a7983e7fd9.jpg,FALSE,,,,,,
https://i0.hdslb.com/bfs/album/297fcc384725419eb344050ec744b9e6623a033a.png,FALSE,1,,,,,
http://i0.hdslb.com/bfs/aionecitycover/13cccb640533fbcaa84fd837ec39e3a675702dc5.jpg,FALSE,,1,,,,
https://i0.hdslb.com/bfs/album/cfed7a98b9b24703859dfcac04c09664e250e64d.jpg,FALSE,,,,,,
http://i0.hdslb.com/bfs/aionecitycover/07790e8244ecaf37e0540a3e80878a0e4259b14c.jpg,FALSE,,,,,,
http://i0.hdslb.com/bfs/aionecitycover/ef78b7a7e564c0cc3e065295a953fdcf1c38e5f7.jpg,FALSE,,,,,,
https://i0.hdslb.com/bfs/album/8f83078700a283ff59c8feed7b9c1bcfa16ae577.jpg,FALSE,,,,,,
http://i0.hdslb.com/bfs/aionecitycover/b91cc4488f5878475b93d2dc7d3fbf35bd53ce86.jpg,FALSE,,,,,,
https://i0.hdslb.com/bfs/album/e9d3419c9a139c3eaca31b2f91e1b3d937fd2b90.gif,TRUE,,,,,1,
https://i0.hdslb.com/bfs/album/787730f7dc62b9cce82b68be69fdb4626e37c633.jpg,TRUE,,,,,,
https://i0.hdslb.com/bfs/album/8df60838b90aecb9e391dc02d58cdc7d3efd6056.jpg,FALSE,,,,,,
http://i0.hdslb.com/bfs/aionecitycover/9b112b05f097bbffe23fac93fb4ed7520b939f1a.jpg,FALSE,,,,,,
https://i0.hdslb.com/bfs/album/a3c7543fa421d65748d75e45b0115dc6dd0b1260.jpg,FALSE,,,,,,
http://i0.hdslb.com/bfs/aionecitycover/804c944abb5cff7e81b900af4e6a7f78238c9232.jpg,FALSE,,1,,,,
https://i0.hdslb.com/bfs/album/d2043a63b6ddb72b8144961c2346c8c478fcebf7.jpg,FALSE,,,,,,
https://i0.hdslb.com/bfs/album/c381b0848ed12f8faa05447c398dff9d9cabf81f.jpg,TRUE,,,1,,,
https://i0.hdslb.com/bfs/album/fa2ed83cd2ee1e1564faced5f6e7bd729e43725a.jpg,FALSE,,,,,,
http://i0.hdslb.com/bfs/aionecitycover/45ec9e6c531a5578b5c0550af2109351f75624a5.jpg,FALSE,,,,,,
http://i0.hdslb.com/bfs/aionecitycover/894fbfcc07407e4ec1a048fd51ddf2a5e61b9968.jpg,FALSE,,,,,,
http://i0.hdslb.com/bfs/aionecitycover/6c02da435d92d3e984b603074dc08d1fa764a881.jpg,FALSE,,,,,,
http://i0.hdslb.com/bfs/aionecitycover/322b9abed96a76b46358d2b15dd9283c71c11123.jpg,FALSE,,,,,,
http://i0.hdslb.com/bfs/aionecitycover/32a20e08edec4db4e23012a558bef5a6e91c8ccb.jpg,TRUE,1,,,,,
http://i0.hdslb.com/bfs/aionecitycover/b1463da88ef6b74c771c06743bf1f78a897256a3.jpg,FALSE,,,,,,
https://i0.hdslb.com/bfs/album/b1f6ec8f5bad611e8c275f16729c91ba27517d88.png,FALSE,,,,,,
https://i0.hdslb.com/bfs/album/14939d96b932f5c30e64030909fae4d358b32990.jpg,FALSE,,,,,,
https://i0.hdslb.com/bfs/album/3a9b0a0dd99858e099fb029df57dd8cd3f616ab6.jpg,FALSE,,,,,,
http://i0.hdslb.com/bfs/aionecitycover/8dc464d22878c9d1bf425c2d799ead980b3e333b.jpg,FALSE,,,,,,
https://i0.hdslb.com/bfs/album/55c45f476234b01a635d1dbe40bde5a5abbda7b4.jpg,FALSE,,,,,,
http://i0.hdslb.com/bfs/aionecitycover/1714f84e88cc619dbd9b76fdb4c99ee6f68d573c.jpg,FALSE,,,,,,
http://i0.hdslb.com/bfs/aionecitycover/894cd4b866ff5a9f69afe95df3ca41fa0f308820.jpg,FALSE,,,,,,
http://i0.hdslb.com/bfs/aionecitycover/99e669b4fe10e3063d2c82cace36d8440f1076c6.jpg,FALSE,,,,,,
https://i0.hdslb.com/bfs/album/ff82300147ecb7f0a1b9de3f0ee80f520fb9d5d0.jpg,FALSE,,,,,,
http://i0.hdslb.com/bfs/aionecitycover/f0a1354861857ed7e8b001f4636afc3f9d219a8a.jpg,FALSE,,,,,,
https://i0.hdslb.com/bfs/album/c4b21ff402cc10542d3c0ab0727de8d90c3b18fe.jpg,FALSE,,,,,,
http://i0.hdslb.com/bfs/aionecitycover/752576ecf93fbf0acdd865ff07bb8a068f8291ec.jpg,FALSE,,,,,,
http://i0.hdslb.com/bfs/aionecitycover/2eebcf0bb99fdabb51b82f242a409eb38b661d58.jpg,FALSE,,,,,,
http://i0.hdslb.com/bfs/aionecitycover/1c530d2f6814e247c32ba977235207cda158628e.jpg,FALSE,,,,,,
https://i0.hdslb.com/bfs/album/9e3237abe43083ef6f5cd23bbd5ff9dd9695791f.png,FALSE,,,,,,
https://i0.hdslb.com/bfs/album/7d03a71b8ea133292f49ee9ff62172380408e0a8.png,FALSE,,,,,,
http://i0.hdslb.com/bfs/aionecitycover/277414215e425aa18009f9c6334bf2412f09406b.jpg,FALSE,,,,,,
https://i0.hdslb.com/bfs/album/207a041a37eb525613200b87f682edaad236c1f4.png,FALSE,,,,,,
https://i0.hdslb.com/bfs/album/ac4a2c835d1c1a47e0fd879fb06a81a0b099b3e2.jpg,FALSE,,,,,,
http://i0.hdslb.com/bfs/aionecitycover/894f512e501c2ae84b3971976eee3559eca71a13.jpg,FALSE,,,,,,
http://i0.hdslb.com/bfs/aionecitycover/dbcc2a5ccdab6c62522b48d1260bef37e828910c.jpg,FALSE,,,,,,
https://i0.hdslb.com/bfs/album/86d7f815e1edc55c638c4b2470200b39b0a3465e.png,FALSE,,,,,,
https://i0.hdslb.com/bfs/album/414a2e9f120da87002e01fd26234b25d11cd6a8a.png,TRUE,1,,,,,
https://i0.hdslb.com/bfs/album/765e451e49c38c382e29cce431eaa81c91845d7f.jpg,FALSE,,,,,,
http://i0.hdslb.com/bfs/aionecitycover/106a1de25cff6002f5eba26ff12d3e4c195f7520.jpg,FALSE,,,,,,
http://i0.hdslb.com/bfs/aionecitycover/f5e362ba2f8807b6912aa956226696b9097dc5dc.jpg,FALSE,,,,,,
http://i0.hdslb.com/bfs/aionecitycover/c4ee66b0f706b1761f64545f0041780bb7e5e588.jpg,FALSE,,,,,,
http://i0.hdslb.com/bfs/aionecitycover/e45576b57cb88a47c24b7351352e20fd752a0cb1.jpg,FALSE,,,,,,
https://i0.hdslb.com/bfs/album/f1eaf057fc6c8b4271633492c5bf9f06c9da8975.jpg,FALSE,,,,,,
https://i0.hdslb.com/bfs/album/ceb65c4ce1f40435418a1fc7ee7a05c316b7f33d.png,FALSE,,,,,,
https://i0.hdslb.com/bfs/album/ea2ff28239ab89e9a83f4e90a4bc8b2ae2d861a6.png,FALSE,,,,,,
http://i0.hdslb.com/bfs/aionecitycover/39db05734a415d6dfda595ba38acc6d6bfd57e54.jpg,FALSE,,,,,,
https://i0.hdslb.com/bfs/album/cab66f3bff281835cc884efd97ec2a76008b4041.png,TRUE,1,,,,,
https://i0.hdslb.com/bfs/album/f40501c750589282a4fc641815c68046006a1354.jpg,FALSE,,,1,,,
http://i0.hdslb.com/bfs/aionecitycover/b02483ecd3f9dbd622ae9bd81947f6f1867b63b8.jpg,FALSE,,,,,,
http://i0.hdslb.com/bfs/aionecitycover/c699b79f766159930013795c51bcbce3ff2ae41c.jpg,FALSE,,,,,,
http://i0.hdslb.com/bfs/aionecitycover/5c3a33388fd6447fa8edf1a030c686921ab7ce5c.jpg,FALSE,,,,,,
https://i0.hdslb.com/bfs/album/3ba6cdac24d3183706104252a7890af6e07b5a1e.png,FALSE,,,,,,
https://i0.hdslb.com/bfs/album/51cb09fcf1915e9516d4861160e7d00cb05e9356.jpg,FALSE,,,,,,
https://i0.hdslb.com/bfs/album/28f9191fd779002da88d2bc0a73b30f32b78aad8.jpg,FALSE,,,,,,
http://i0.hdslb.com/bfs/aionecitycover/579ae40ca933710261964f0fb1e16a6837bee14a.jpg,FALSE,,,,,,
https://i0.hdslb.com/bfs/album/0edb1497c84a0176bd656360645cece16297d9be.jpg,FALSE,,,,,,
http://i0.hdslb.com/bfs/aionecitycover/f7a2a631cf789fa980138848d344bf7a1c6cd00f.jpg,FALSE,,,,,,
https://i0.hdslb.com/bfs/album/48725c6c503920c43f76e75103f4ebaa3b28d4f2.jpg,TRUE,1,,,,,
https://i0.hdslb.com/bfs/album/761cfbf730888ccf4064568ed705c353721bc82f.png,FALSE,,,,,,
https://i0.hdslb.com/bfs/album/af7a2358a20ad6909720a220892ec6deac8c9080.jpg,FALSE,,,,,,
https://i0.hdslb.com/bfs/album/2b319e4c57169bf60b22a2cc62748d6a3648250b.png,FALSE,,,,,,
http://i0.hdslb.com/bfs/aionecitycover/1079a1f439be09d6b4da053bf29ec35c34c9698f.jpg,FALSE,,,,,,
https://i0.hdslb.com/bfs/album/52f2f61ff1323c7586ce4f40431c591d18d4d2c9.jpg,FALSE,,,,,,
http://i0.hdslb.com/bfs/aionecitycover/83a4e33422481c969f2cec305aab5f1934abfb96.jpg,FALSE,,,,,,
https://i0.hdslb.com/bfs/album/edd07a86a57e9a8cbaa159c5b569b218741328e4.gif,TRUE,,,,,1,
http://i0.hdslb.com/bfs/aionecitycover/a23da8bc6f78b442e38aabc93286a67b09fb17f8.jpg,FALSE,,,,,,
http://i0.hdslb.com/bfs/aionecitycover/7a706e767b9dadbebf0fbcae4c7a08fe3e413301.jpg,FALSE,,,,,,
https://i0.hdslb.com/bfs/album/bba293eae465e38fad1c3ce554ef202e88be4707.jpg,FALSE,,,1,,,
https://i0.hdslb.com/bfs/album/43bd7e98cc9b661830218054d65df8cb683f2a7d.png,FALSE,,,,,,
http://i0.hdslb.com/bfs/aionecitycover/503ec086238dd1e6c791939d5352eccb511b98ae.jpg,FALSE,,,,1,,
http://i0.hdslb.com/bfs/aionecitycover/f8d4abc04405c2d2dfc1a91e190df907bcce11e2.jpg,FALSE,1,,,,,
http://i0.hdslb.com/bfs/aionecitycover/bd0a328c62413c845e1a91ad777878a86964ea06.jpg,FALSE,,,,,,
http://i0.hdslb.com/bfs/aionecitycover/eb2f5249c67bc94ebffc80b9506250e2fd0599d5.jpg,TRUE,1,,,,,
http://i0.hdslb.com/bfs/aionecitycover/c588940459497d55476a8a919c7c86b6624f8ffe.jpg,FALSE,,,,,,
http://i0.hdslb.com/bfs/aionecitycover/5fb6a59cbbe6dbd34d43a703f0d9dfb621907733.jpg,FALSE,,,,,,
http://i0.hdslb.com/bfs/aionecitycover/a17588e8fd65df266b82b1b9dcf6736d12506d43.jpg,FALSE,,,,,,
https://i0.hdslb.com/bfs/album/48d503e00a2717e7b06352d3c4304b60c35b6c5c.png,TRUE,1,,,,,
http://i0.hdslb.com/bfs/aionecitycover/232b627d112e3dc9ce16783ec06f896d70efe455.jpg,FALSE,,,,,,
http://i0.hdslb.com/bfs/aionecitycover/a02560966ac19b341cbfc30aefaabf5ff7245fca.jpg,FALSE,,,,,,
https://i0.hdslb.com/bfs/album/fc34ab52317f18de34e5f903db28167d30bc44fb.png,FALSE,,,,,,
https://i0.hdslb.com/bfs/album/b5f25285e9e47d2ce49bb2eee349b90d279cd112.jpg,FALSE,,,,,,
http://i0.hdslb.com/bfs/aionecitycover/0220c4976218fcd78c73680717322a8eb11233d4.jpg,FALSE,,,,,,
https://i0.hdslb.com/bfs/album/c7c40d2ee3d1ea2d237f518821b889f2aeeb129c.jpg,FALSE,1,,,,,
http://i0.hdslb.com/bfs/aionecitycover/3762fd6a69921010ab140b739e1f6583b1e470d9.jpg,FALSE,,,,,,
http://i0.hdslb.com/bfs/aionecitycover/4f6804b7a468e75526748aa47bb8ab0d297d29c0.jpg,FALSE,,,,,,
http://i0.hdslb.com/bfs/aionecitycover/2e5f6ffa9bf9d800edb56f6c7b2bd926e0ca7208.jpg,FALSE,,,,,,
https://i0.hdslb.com/bfs/album/736256fcbca657237f671e0c2d0a392101cb55cb.jpg,FALSE,,,,,,
https://i0.hdslb.com/bfs/album/314eea278f6c6fabbabc8f1d4c1565b39e884eb1.jpg,FALSE,,,,,,
https://i0.hdslb.com/bfs/album/bf069e7c177735228c4f66033655e1c1a456b973.jpg,TRUE,1,,,,,
http://i0.hdslb.com/bfs/aionecitycover/ea2b5dc78dbcae9dbe0b2f1ae46831b9a5236e66.jpg,FALSE,,,,,,
http://i0.hdslb.com/bfs/aionecitycover/e4a9b6db19946e5a0d2ff6b6966e1f6adf522c59.jpg,FALSE,,,,,,
http://i0.hdslb.com/bfs/aionecitycover/8e329f1764680832c8a3d41a7201aa2703c50510.jpg,FALSE,,,,,,
https://i0.hdslb.com/bfs/album/f50943826d65699aec2b118ca5027750d895062b.jpg,FALSE,,,,,,
http://i0.hdslb.com/bfs/aionecitycover/0767112b0bedf8f8a8989a38719468fd050e71b2.jpg,FALSE,,,,,,
http://i0.hdslb.com/bfs/aionecitycover/86af074f93f4e9e8c20164e9410cf7fb902d0e6d.jpg,FALSE,,,,,,
https://i0.hdslb.com/bfs/album/17081cc55f4c7cc084be806ea3939af3f60e406c.jpg,FALSE,,,,,,
https://i0.hdslb.com/bfs/album/ae9e3d19ca363b51040b73dbb09274ca1cf59cc9.png,FALSE,,,,,,
http://i0.hdslb.com/bfs/aionecitycover/a1537ddca9df4f7449cb34a010b41716b3f000e3.jpg,FALSE,,,,,,
http://i0.hdslb.com/bfs/aionecitycover/b94eec97452ae0a69bd777ad17617d68c2e748b9.jpg,FALSE,,,,,,
https://i0.hdslb.com/bfs/album/b9156a70423dcb673e3f907260b2cda30b50a38d.png,FALSE,,,,,,
http://i0.hdslb.com/bfs/aionecitycover/4652a3ad8a8b9741990779d0cb417b367c452b44.jpg,FALSE,,,,,,
http://i0.hdslb.com/bfs/aionecitycover/f1ca86fc811107d8fe0e33221b5e4e95ef7eae61.jpg,FALSE,,,,,,
http://i0.hdslb.com/bfs/aionecitycover/9b3e952a039bf6c729213ce623e5bf2048143b71.jpg,FALSE,,,,,,
http://i0.hdslb.com/bfs/aionecitycover/4e803f9ba35521e9eec1c95a106ca026e003181b.jpg,FALSE,,,,,,
http://i0.hdslb.com/bfs/aionecitycover/6bbb8ecba0cc5d7fd29834f02effac36f52be8fc.jpg,FALSE,,,,,,
http://i0.hdslb.com/bfs/aionecitycover/6a42373df424b1c2c15cf94fb9aa6cbe4e6756b0.jpg,FALSE,,,,,,
http://i0.hdslb.com/bfs/aionecitycover/60a909c298de83a923497bed581c45b2af493fd6.jpg,TRUE,1,,,,,
http://i0.hdslb.com/bfs/aionecitycover/efdc676b7df340299360459f19f8cc99e90e1ccf.jpg,FALSE,,,1,,,
http://i0.hdslb.com/bfs/aionecitycover/f1a51b3dda88b8e76c18886c5844145862b3191f.jpg,FALSE,,,,,,
https://i0.hdslb.com/bfs/album/a19de175d19fa8822f9d954c16b6c4362bb5f978.jpg,FALSE,,,,,,
http://i0.hdslb.com/bfs/aionecitycover/99d885b4f257848ced356778caa17251179cd0d6.jpg,FALSE,,,,,,
http://i0.hdslb.com/bfs/aionecitycover/4cf5f27b183115415bf5d674a8beebdba4500129.jpg,FALSE,,,,,,
https://i0.hdslb.com/bfs/album/335e4dc3ae11155bb5f6d7bae19d18b71b95c7bc.png,TRUE,1,,,,,
http://i0.hdslb.com/bfs/aionecitycover/01c4788aa2f3e06164bf31883e8dffaf2f09957b.jpg,FALSE,,,,,,
http://i0.hdslb.com/bfs/aionecitycover/de6469f398e46c135bc291c91519ea383634e44c.jpg,FALSE,,1,,,,
http://i0.hdslb.com/bfs/aionecitycover/09263b485887d034b27713361dfc5c417cb3a79b.jpg,FALSE,,,,,,
http://i0.hdslb.com/bfs/aionecitycover/a1c25e8e860858b32b0b03ed6f27cf5d56c2170b.jpg,FALSE,,,,,,
http://i0.hdslb.com/bfs/aionecitycover/d7c9c3cb0d662bc31b09fbd16872223c4d38975c.jpg,FALSE,,,,,,
http://i0.hdslb.com/bfs/aionecitycover/7a37e9fed50fbd7b981cb03b3616a697fcf5bea6.jpg,FALSE,,,,,,
http://i0.hdslb.com/bfs/aionecitycover/69af5dd55b6f1bceaa546f6c0abc98904ead79d0.jpg,FALSE,,,,,,
https://i0.hdslb.com/bfs/album/b9c9969a16cb65a080265474577aac7189449f92.jpg,FALSE,,,,,,
http://i0.hdslb.com/bfs/aionecitycover/cb7eaa9d131e059cad1253bbd21e984f13a8163b.jpg,FALSE,,,,,,
https://i0.hdslb.com/bfs/album/04554c53110987a4f9ba2fdb0512f08a8b5e670c.png,FALSE,,,,,,
http://i0.hdslb.com/bfs/aionecitycover/324fd1d392438e01c490ba04af9f629a2a0d80d8.jpg,FALSE,,,,,,
http://i0.hdslb.com/bfs/aionecitycover/b79028e7e5c8401714a7b13d46db64dbd499d219.jpg,FALSE,,,,,,