https://i0.hdslb.com/bfs/album/2a6367ae04c8b4ecd4cb7561d7b221fd1e80264e.jpg,0.000000,519120,0.362443,188151,
https://i0.hdslb.com/bfs/album/8ab9920368319d394fdd415bd32627bb654d4f0c.jpg,0.885714,2462400,0.001139,2804,D2敬请期待
http://i0.hdslb.com/bfs/aionecitycover/8a486ad0b4347ce98dc6a544699ebcb993361c5a.jpg,0.000000,921600,0.196530,181121,
http://i0.hdslb.com/bfs/aionecitycover/1fff40ddf58c197ad0839d1619077d4b6d99ea13.jpg,0.000000,518400,0.145604,75481,
http://i1.hdslb.com/bfs/archive/3bc27de247817bbb3d817dfa9e33e2f7c0ea4cc5.jpg,0.000000,282240,0.087180,24605,
http://i0.hdslb.com/bfs/aionecitycover/27b91a9857f77517a7c3a630720aa6659c270d25.jpg,0.000000,518400,0.122833,63676,
https://i0.hdslb.com/bfs/album/b0c713808df6442930f68560e9cee9bf315300d1.jpg,0.000000,1748520,0.011966,20923,
http://i0.hdslb.com/bfs/aionecitycover/84e04931627c804bcc2c54c46e4457e27b08d253.jpg,0.000000,726720,0.142125,103284,
http://i0.hdslb.com/bfs/aionecitycover/cb85a171dd400adb6eb47df6656e49a1fb41c976.jpg,0.000000,691200,0.183976,127164,
http://i0.hdslb.com/bfs/aionecitycover/07160736d1f701e8c600e2152df2387bd6615187.jpg,0.000000,691200,0.145379,100485,
https://i0.hdslb.com/bfs/album/260c32ebb090b50d82c553961bfa543a11612954.jpg,0.000000,2494800,0.117024,291951,
https://i0.hdslb.com/bfs/album/7b48f5a3e94131f961db432aa19e7833b4c12abf.png,0.000000,1059840,0.024235,25684,
http://i1.hdslb.com/bfs/archive/96075f60336bd4eba44527e7153fd566879390bd.jpg,0.000000,7464960,0.058547,437054,
http://i0.hdslb.com/bfs/aionecitycover/f34a457be10f14bf97f3e2c713c7be1c6999cf0d.jpg,0.000000,514560,0.397988,204788,
http://i0.hdslb.com/bfs/archive/910531e271bb6ec38487c909aa5e884b4867aa1c.jpg,0.000000,1866240,0.005590,10431,
https://i0.hdslb.com/bfs/album/9f806cd65cb0b1ddd74e227c05ecf59f3ebdbd34.jpg,0.000000,2318760,0.009601,22263,
http://i1.hdslb.com/bfs/archive/8ae7e7b01312d284c6e1b421ef8cf72e928a4b8d.jpg,0.000000,1866240,0.135985,253780,
https://i0.hdslb.com/bfs/album/7ff7c9eaa7e4858eb0f3cee787fd5abcb057ea37.jpg,0.232955,1161945,0.031375,36455,在吗在吗有事直接说，都是糙汉子别发这种宠物表情包装萌好吗我最近遇到急事，想找你帮帮忙没钱哦
https://i0.hdslb.com/bfs/album/6b793efa8ab743aa0f5eb6521de2d2879532eef5.jpg,0.000000,1749600,0.100047,175042,
https://i0.hdslb.com/bfs/album/63683eebed6ce9584c8f16d80a013596a31471cc.jpg,0.000000,974556,0.049220,47967,
http://i0.hdslb.com/bfs/aionecitycover/133e4b2231066058d99725cee374b8849e7e8188.jpg,0.000000,518400,0.140375,72770,
https://i0.hdslb.com/bfs/album/8226760e821f81a646a69bf2be7d7d6d567c21cc.jpg,0.000000,2592000,0.188217,487859,
https://i0.hdslb.com/bfs/album/76629fb5feac5626c23b0f56c24100309e30845f.jpg,0.000000,12000000,0.045226,542709,
https://i0.hdslb.com/bfs/album/e28cd8332e7b5b834e85fb5f2d5f3b238fb685d8.jpg,0.000000,360000,0.117956,42464,
http://i0.hdslb.com/bfs/archive/14d9980df49ee49d0365da1c868fbbdd7715b6d6.jpg,0.000000,1555200,0.094106,146353,
http://i2.hdslb.com/bfs/archive/e97f2a431992afd9656081ad1b160e7815bb66d0.jpg,0.000000,2687904,0.068508,184142,
http://i0.hdslb.com/bfs/aionecitycover/b1c9407c5d0b10a92d54f8343ac915a57a99e7e9.jpg,0.000000,518400,0.128614,66673,
http://i0.hdslb.com/bfs/archive/ced203395520442b50bde5d046467fb0409e5bda.jpg,0.000000,1585035,0.114774,181921,
https://i0.hdslb.com/bfs/album/0fcb4b76ace410c1be274be68068d56d3ab13470.jpg,0.000000,1555200,0.015847,24645,
http://i1.hdslb.com/bfs/archive/72140648c490283c38d346475d247cd9eae280c9.jpg,0.000000,757760,0.343824,260536,
http://i1.hdslb.com/bfs/archive/9f5e2099bf7546fab2cc90ae551fbd4706d82ce3.jpg,0.000000,580328,0.307164,178255,
https://i0.hdslb.com/bfs/album/7aa27f33d5152a81996fbdf9984444d1080a0e69.jpg,0.037500,1152000,0.120361,138656,初音未来手办和音来CooSMEV4CHINESEHatsUne MikU2/6卖家优惠￥518-618价格￥518起￥17.00零钱余额已领取实物商品可使用兔萌殿现货 GSC初音miku手办v4V40Chinese 118正品推荐路 送给TA分享选择尺寸/颜色分类/限时促销发货河南关郑州快递:：快递包邮月销10配送至：南京浦口泰山客服加入购物车立即购买店铺收藏
https://i0.hdslb.com/bfs/active/4b318c62e5030a65ac5982fbb5d0a4350de8df5d.png,0.000000,876000,0.088086,77162,
https://i0.hdslb.com/bfs/album/240b57f154fe2b6c792429a566b5e70f99699b3d.png,0.000000,1554120,0.210608,327310,
http://i1.hdslb.com/bfs/archive/9ca45a14fe8d39d131e5519eea4fa9a4cae53f10.jpg,0.000000,71958,0.578767,41646,
http://i1.hdslb.com/bfs/archive/2e76b779d5e5287f2fff5b5ffb780e8f2a445e0a.jpg,0.000000,262440,0.175932,46171,
https://i0.hdslb.com/bfs/album/18c0788f2e1cfaa2da5e33f432cc4f62e48f8ad6.jpg,0.000000,999552,0.062546,62518,
http://i0.hdslb.com/bfs/aionecitycover/be785b7ce4bb89dd49f77cb143d63290b7546573.jpg,0.000000,518400,0.115735,59996,
http://i0.hdslb.com/bfs/aionecitycover/5f80ad84767562e640346431e7e3dcb682d61b3f.jpg,0.000000,691200,0.167779,115968,
http://i0.hdslb.com/bfs/aionecitycover/eacff897c033c1490021a0edf428090aa3f3c98c.jpg,0.000000,414720,0.173989,72156,
http://i0.hdslb.com/bfs/aionecitycover/cc0d465cbd9790d1880ccfe7a4456bcd1705eee6.jpg,0.000000,696960,0.323286,225317,
https://i0.hdslb.com/bfs/album/15e2847b2f2db74ce28232c668270cfc429d9a08.jpg,0.000000,392400,0.229585,90089,
https://i0.hdslb.com/bfs/album/516a14b92ffcc8b584ea08617347d8cc59d64913.png,0.000000,2074680,0.166096,344596,
https://i0.hdslb.com/bfs/album/138d06cb9a2ef3c8955d8c01b973b462a31016b9.jpg,0.895075,2527200,0.000989,2500,敬请期待
https://i0.hdslb.com/bfs/album/5ead0fd97ede9b631d08bc457dc19ee57cb0b42a.jpg,0.000000,11808768,0.016845,198914,
https://i0.hdslb.com/bfs/album/0defd1691372a848a1a37784036f02988045b37b.jpg,0.000000,1555200,0.183843,285912,
https://i0.hdslb.com/bfs/album/16c6ed248d6b30d40e436d4c1549dcf48d2562cb.png,0.000000,224978,0.029356,6604,
https://i0.hdslb.com/bfs/album/3e64742fa99b5745e4943c176902426ea3f7554b.png,0.000000,450042,0.025909,11659,
https://i0.hdslb.com/bfs/album/77910b17102a2cc17285080f3f33ec9af5897aca.gif,-1,-1,-1,-1,
https://i0.hdslb.com/bfs/album/1b8550d45cedf1dec3d4cada4a0ab1b96e12eff1.png,0.000000,1625676,0.051813,84231,
http://i1.hdslb.com/bfs/archive/f86c08358e464fc1b363947779bf7990db7ab1d2.jpg,0.000000,580328,0.194310,112763,
http://i1.hdslb.com/bfs/archive/3c6fe4bc0e50df03a20cdf6aa35b1bba7e247531.jpg,0.000000,518400,0.196114,101665,
http://i1.hdslb.com/bfs/archive/6235fd6820245efff1595b568bd944e662cc0d35.jpg,0.000000,589824,0.040036,23614,
https://i0.hdslb.com/bfs/album/943585cc931b3be240b994ccb32be912029532b0.png,0.000000,1555200,0.098951,153889,
http://i2.hdslb.com/bfs/archive/ed6952d53e112af5c803106fce76d523e0a81144.jpg,0.000000,324000,0.077705,25176,
http://i1.hdslb.com/bfs/archive/e959938b75517080ecd45c0b9e1b337c9d584b34.jpg,0.000000,301196,0.023719,7144,
https://i0.hdslb.com/bfs/album/b03e36be0b3ff6fa2da8a454ce876b0f1e528096.jpg,0.000000,1555200,0.190079,295610,
http://i0.hdslb.com/bfs/aionecitycover/3436fffa1b3a7453d44e331d941a423debb40a46.jpg,0.000000,522240,0.046429,24247,
http://i0.hdslb.com/bfs/archive/43ebe99e622bd8d11274423d484d73eea39c6193.jpg,0.000000,1561040,0.196925,307407,
https://i0.hdslb.com/bfs/album/e8e70318aa72325809a854f2b517da87e8d96479.jpg,0.000000,49950,0.017173,857,
http://i0.hdslb.com/bfs/aionecitycover/970868a078a1357a5fac792fc9f0dc43bc8d3a9c.jpg,0.000000,518400,0.226933,117642,
https://i0.hdslb.com/bfs/album/9ec7a84051421ea6f6fdb192e5ba7f3491765ddf.jpg,0.000000,119716,0.368674,44136,
https://i0.hdslb.com/bfs/album/7d33f028e52e445e3604f3d2063977bcb2506600.jpg,0.000000,12582912,0.059282,745945,
https://i0.hdslb.com/bfs/album/9c2840c77f58083c38e75debc83eb30104a3cd79.jpg,0.000000,12306064,0.002822,34730,
https://i0.hdslb.com/bfs/album/5644a7a68b4896adf1508b777983d3a465961b0b.jpg,0.698073,2527200,0.004962,12539,评论详情花之欺诈师4小时前tX只一个农药春节那一天就流水201亿，怕mvb不知道说一声617相关回复共条九宫格Oficial4小时前神是主机游戏比不过手游很正常（脸色涨红）发条友善的评论
http://i0.hdslb.com/bfs/aionecitycover/6b835c2fb0e44d941ffdc6b619391d3a2049d797.jpg,0.000000,518400,0.130124,67456,
https://i0.hdslb.com/bfs/album/0010ed8a1583d224a1b1611d9682c7df2ed01b28.jpg,0.000000,4986360,0.095177,474584,
https://i0.hdslb.com/bfs/album/734169333dbbfb646ef2dc2b8bf7defe1a89e816.png,0.000000,2742336,0.153325,420467,
http://i0.hdslb.com/bfs/aionecitycover/669577ccb62587a7990450121fc5e3ec27e59517.jpg,0.492147,425280,0.004502,1914,第211章先塞回去！“沃日，谁特么的尿标本，洒我一身！噗！我尼玛爆炸！谁的屎标本啊啊！！”疯了。都疯了。一大群男女奔向易寒。红蝶见状警惕地护在易寒旁边，顿时，两人被粉丝围个水泄不通，嘈杂声回响而开。“怎么回事?”几名护士连忙过来维持秩序，“这里是医院，你们都给我安静，不要聚集在一起。”“风潇萧！”“我见到风潇潇本人啦！粉丝兴奋地忘乎所以。04:0130.76%
https://i0.hdslb.com/bfs/album/4a92e6cad32fdf3ffab236a0c11f9967a7292155.jpg,0.000000,11990002,0.024918,298772,
http://i1.hdslb.com/bfs/archive/9172e8e89ba8c60b83c3c32aaa0b66142dbb2431.jpg,0.000000,2073600,0.074907,155326,
https://i0.hdslb.com/bfs/album/c7b620965a88bfef5d4f7fd0c1cb8dc0a9a12b56.jpg,0.000000,843750,0.162733,137306,
http://i2.hdslb.com/bfs/archive/cf6cc6a0fc23d37eab3ec1f90007ac9be656fd32.jpg,0.000000,589824,0.223486,131817,
http://i2.hdslb.com/bfs/archive/9dd7f17ad5e161f3aeb4cf978e3b1f74f7a24bbf.jpg,0.000000,829440,0.059131,49045,
http://i2.hdslb.com/bfs/archive/f7d08439d507f091055ba720e5de289908f7a7d4.jpg,0.000000,1867320,0.104018,194234,
http://i1.hdslb.com/bfs/archive/cfb3bd95a1e6212db2a320ab07b8256bef98cc68.jpg,0.000000,786432,0.098945,77813,
https://i0.hdslb.com/bfs/album/1dc0568fbe144afbebd0b6c3d21ce73a4416239d.jpg,0.338330,2527200,0.012122,30634,评论(671）回复18）15:31顶田小芯15:31就这？BuzZySun dP:伍作者15:46听不惯这个就去听福克斯呗，就这啥呀，要不然beat拨你你跟你小伙伴cy pher?@田小芯_：就这？魅寇15:53八老师会回复我吗？（·..同）Nemonocap作者同城15:55小芯真的很严格喜欢听（高雅 先进音药》@田小芯_：就这？魅寇ONIP.贰15:58随乐而起有感而发发送
https://i0.hdslb.com/bfs/album/8499d7af353f665c3b336ab53c928fc6c8aa67ce.jpg,0.000000,3145728,0.020958,65929,
http://i1.hdslb.com/bfs/archive/46125e9d88819347c0d3d9dc962f97a730a49017.jpg,0.000000,589824,0.377258,222515,
https://i0.hdslb.com/bfs/album/c0c2f17c512ce24ca7409249607099117ce0c2ca.jpg,0.000000,574000,0.273698,157102,
https://i0.hdslb.com/bfs/album/1330b4e100cde49cafac149a6a169106a2c14460.jpg,0.000000,1543320,0.003231,4987,
https://i0.hdslb.com/bfs/album/e194303d81c16b1e3676d37aee3e2e1d62b0aefa.png,0.000000,3741868,0.095221,356305,
https://i0.hdslb.com/bfs/album/d425c96f5af3c96f94c7299ca2d96b94d0fa7e1f.jpg,0.000000,1094400,0.240487,263189,
https://i0.hdslb.com/bfs/album/058a5a163bba6ac03fa801743b8e3404c83ff3df.jpg,0.000000,90000,0.272326,24509,
https://i0.hdslb.com/bfs/album/dae07d8411b49516b21271f028ebc9016140ba0d.jpg,0.225434,2609000,0.058558,152778,丑小鸭也可以是白突突塔塔观看排行互动排行+月查看更多无趣团某木星的水水观看排行互动排行煎煎煎iao糖霜丸崽观看排行互动排行+一月香看更多木星的水水观看排行互动排行查看更多溪溪比亚著名头盈品牌2x2号星球观看排行互动排行十二月查看更多木星的水水无趣团某冰摩卡不加茶
http://i0.hdslb.com/bfs/archive/e2da91b2a21d2c0401803e16fb2daf8953f4717a.jpg,0.000000,1866240,0.053014,98936,
http://i0.hdslb.com/bfs/archive/4cdfb13bf6b39655dcdbc4104f2967199212c2c7.jpg,0.000000,1561040,0.007913,12353,
http://i0.hdslb.com/bfs/aionecitycover/f1aa508d15cd1f3620812abadb68e766b9e1aead.jpg,0.000000,518400,0.068845,35689,
http://i0.hdslb.com/bfs/aionecitycover/627ebe50113bd5afe0f0ba112dd2efa03872c673.jpg,0.000000,691200,0.146803,101470,
https://i0.hdslb.com/bfs/album/6c2419a3820253c68d0f9aa7f52fe25b0dc7b42e.jpg,0.297543,2527200,0.086012,217368,1244编辑资料金桂剑使爱丽丝年度大会员LVG 288461-京吹不请自来1人本月为我充电充电主页动态投稿收藏追番视频 2查看更多0782 日702818日115分钟告诉你双生开服玩家大师FGO国服三宝雪B单挑李现状（微氨平民）进入我的直播间收藏 16查看更多吐息飞西耳贵的A@TD
http://i0.hdslb.com/bfs/aionecitycover/dddd9437276ed4b8d49d3e2851bf69eb07b92447.jpg,0.000000,516480,0.013568,7007,
https://i0.hdslb.com/bfs/album/e364a91fe49d25657b256c64869bfd037c9e93ee.png,0.000000,2740500,0.192456,527425,
https://i0.hdslb.com/bfs/album/6221e4808c2f20bae378d31406562eba00bc5bfe.jpg,0.000000,1749600,0.090804,158870,
http://i2.hdslb.com/bfs/archive/5f1b492bdf351e1e6df48df2802ecb88aeed2e74.jpg,0.000000,1564598,0.091817,143657,
https://i0.hdslb.com/bfs/album/896003e6ebc0766f2c2a75d7f6525969fe0653c0.jpg,0.000000,1555200,0.069951,108787,
https://i0.hdslb.com/bfs/album/72d77dc92fee4bae419aedfaa555a9a54445a8b6.jpg,0.000000,1166400,0.060255,70281,
https://i0.hdslb.com/bfs/album/f25d25a404156104532bfcd276f174879a185f6e.jpg,0.000000,777428,0.020347,15818,
http://i1.hdslb.com/bfs/archive/116b130bdfc2b4372afb075b3fbca532c4585c06.jpg,0.000000,921600,0.066223,61031,
https://i0.hdslb.com/bfs/album/54d6bc623b643f403147a7694ae434f6c397df1f.png,0.392578,921600,0.022614,20840,TELLMATEELWl年度大会员空间B币:0.0硬币:11304264021000动态关注粉丝我的大会员番剧国创抢先看离线缓存历史记录我的收藏稍后再看创作中心工发布创作首页稿件管理创作激励有奖活动推荐服务我的课程免流量服务个性装扮邀好友赚红包会员购
https://i0.hdslb.com/bfs/album/72012ef8eeb2a71916a2163bbc963a0901affca4.jpg,0.000000,2527200,0.026052,65839,
https://i0.hdslb.com/bfs/album/5a48abe6da452a14f61d3e799dc45eabcecef32d.jpg,0.000000,114884,0.003478,399,
http://i0.hdslb.com/bfs/archive/b43fd7b9275ca42935f7a78746c5a1038ec287ee.jpg,0.000000,589824,0.086416,50970,
https://i0.hdslb.com/bfs/album/f34da5ee3dfff7460be82e0f4aa190941cf4eaa9.png,0.000000,2526120,0.213944,540447,
http://i1.hdslb.com/bfs/archive/f16f3fbf0138147e0a61102e59ac0ad4dd688334.jpg,0.000000,589824,0.046700,27544,
https://i0.hdslb.com/bfs/album/261d7828098a9a7dd43036c6ec60c24f97869439.jpg,0.084211,1554120,0.016884,26239,突然觉得设定好弹！前
http://i1.hdslb.com/bfs/archive/b37d0bac4187160b6564323dfb4b6516667c3a16.jpg,0.000000,580328,0.385796,223888,
http://i0.hdslb.com/bfs/archive/4ae0fd897ada7bd2723dba1b36bb4d7e63d0f395.jpg,0.000000,1866240,0.163758,305611,
http://i0.hdslb.com/bfs/aionecitycover/f4db9127def0490283e275e5c6a85f664998e1d6.jpg,1.000000,921600,0.000002,1,Bi小夏ilbl
http://i1.hdslb.com/bfs/archive/20801e59e51d0c4841187f8523c273ecdb67bd90.jpg,0.000000,589824,0.022709,13394,
http://i1.hdslb.com/bfs/archive/4b7a875ca3ddba1dadb29848e7a274da238383fc.jpg,0.000000,1597401,0.043074,68806,
https://i0.hdslb.com/bfs/album/8e1a250f7c220dc9c580757d2ee9f1e25b11ca5b.jpg,0.000000,1600000,0.010964,17542,
http://i0.hdslb.com/bfs/aionecitycover/2908f8968efaca941576285f8ed42e9c4de44388.jpg,0.000000,437760,0.078660,34434,
https://i0.hdslb.com/bfs/album/aa265ddefc5878f06d02a03f44cc6895fe675cbb.png,0.000000,1172493,0.127213,149156,
https://i0.hdslb.com/bfs/album/92660fe6142115d1d24252beb4f508175878f25f.jpg,0.000000,280308,0.231000,64751,
https://i0.hdslb.com/bfs/album/dbf71157d74947eef588c764e9360fb7ac2cf1d6.jpg,0.000000,2095200,0.137685,288478,
https://i0.hdslb.com/bfs/album/bd609eae557a8b9815d6712cf4d5eb5e3b9b9b59.jpg,0.000000,1555200,0.037602,58478,
https://i0.hdslb.com/bfs/album/0dc050af759b93d61672879987f25ecb25444042.jpg,0.000000,604118,0.031056,18761,
http://i0.hdslb.com/bfs/aionecitycover/aad22743cffcd85e4b4ab2d55fc0442776866e67.jpg,0.000000,518400,0.084723,43920,
https://i0.hdslb.com/bfs/album/acbf7ea720074b223804395fe695686b45b5c9d3.jpg,0.487102,888272,0.000450,399,整个江苏人都在等雪，而常州，却等来了一个人.个伊朗人而无锡，却等来了一个埃及人
https://i0.hdslb.com/bfs/album/94883b55fd3d1fe46c386cc2cef20a0faecc5e8d.jpg,0.188192,1305600,0.031640,41309,HDGt0米229%09:56微博正文公开Vickki-石经彤超话+关注12-3009:09石经彤超话 大家好我是好久之前剪cp视频被大家误以为彤彤手滑关注的博主我根本没被彤彤关注粉丝取关七日里根本没有石经彤这个是系统bug 当时超话有好多人帮着澄清了我以为大家都知道了结果今天看微博还有好多subs粉追着这件事情骂彤彤我不追星不太了解粉圈 想问问大家怎么替彤彤解释啊我刚刚发在一个说这事的唯粉下面结果评论被删了【超话】石经彤已关注4643帖子1.3万蜜衣粉
https://i0.hdslb.com/bfs/album/0c5f7a16753d02bef079fa4402b511162b865614.jpg,0.004695,615030,0.011922,7332,话说QB最后给魔法少女的代价是啥啊，让你们这么气愤就是注定被当做燃料烧尽的未路，一切的希望最后只被代换为绝望。.魔法少女的另一种6叫法是不是叫薪王所以黑暗之魂里面恋爱养成的tag就是这么来的吗..草草草，忽然无法直视薪王们了看我们法兰魔法少女团的闪亮街舞秀！
http://i1.hdslb.com/bfs/archive/96bf97aba7c5ce289f9053cca12067738644a9b0.jpg,0.000000,1866240,0.118598,221332,
https://i0.hdslb.com/bfs/album/d36022efeb77a993c3346be1056cf045ccf3ff7b.jpg,0.000000,2592000,0.042374,109834,
https://i0.hdslb.com/bfs/album/bfd6ccc7b7da95d235a5e53e04c67edade02ccf4.jpg,0.124126,765765,0.014435,11054,2020年底积分清零快用积分兑话费羊毛不撸就没了写短信发送给各自运营商根据回复短信操作即可移动发HF 到10658999NE电信发 JFDH 到10001联通发 JFJF 并Q 10010
http://i0.hdslb.com/bfs/aionecitycover/68a4cce51d6d9ba42e641bd5876250f47acaf156.jpg,0.000000,518400,0.058301,30223,
http://i0.hdslb.com/bfs/archive/62920fd2ce04afbf1d72d72acdabfcbf0b7928d7.jpg,0.000000,2332800,0.025798,60181,
https://i0.hdslb.com/bfs/album/16520cc7bd0c031e2edaf8ec5c6e530abff0617b.jpg,0.010707,2527200,0.057527,145381,“2020最美的夜"bibi..精彩预告独家幕后嘉宾阵容集星赢礼送注张碧晨赵光已关注周深UIP主嘉宾化按照首字母排序送注已关注节目单
https://i0.hdslb.com/bfs/album/f401fa6ee3c776378a939ebaf17bcd383e9ce49d.jpg,0.000000,1413000,0.156503,221139,
http://i0.hdslb.com/bfs/aionecitycover/d6b37390f04187973f1bd30e471059f691523950.jpg,0.000000,518400,0.290681,150689,
http://i1.hdslb.com/bfs/archive/597dee52bc8fedb6d17b2c4988c771e200f5d511.jpg,0.000000,1166400,0.029271,34142,
https://i0.hdslb.com/bfs/active/db1089f037436c3ec0713ba34e3be9e7d89f97f9.png,0.000000,423500,0.077033,32623,
http://i2.hdslb.com/bfs/archive/3115f4bb85538df12a63d2d9c1584a05c9eb7d45.jpg,0.000000,2073600,0.057924,120110,
https://i0.hdslb.com/bfs/album/e9d29be92686c0d0525124791c0e294eaf976f07.gif,-1,-1,-1,-1,
http://i0.hdslb.com/bfs/aionecitycover/e64298efa73d39c531edbcd84e09ff5efe0b9aec.jpg,0.000000,518400,0.178355,92459,
http://i0.hdslb.com/bfs/aionecitycover/17c6d4aed4ea5d14168d1fd57c96ba1ce81d4d68.jpg,0.000000,921600,0.032778,30207,
https://i0.hdslb.com/bfs/album/141d84a6247466bbf9b9be62588ee59169976584.jpg,0.000000,1481760,0.063087,93479,
https://i0.hdslb.com/bfs/album/b03d56091a71f49fb5d6905fa33cbcc5322295ac.jpg,0.000000,511920,0.034514,17668,
https://i0.hdslb.com/bfs/album/5aaac5b8f1c2f8192342c1ab2758a617a6c560ac.jpg,0.000000,1555200,0.120774,187828,
https://i0.hdslb.com/bfs/album/07371271ea595ec36f1633f646db5d9975a1e26e.jpg,0.000000,48000000,0.003503,168132,
http://i1.hdslb.com/bfs/archive/e67fe9f4af085034e1b7ff9bc69ec6468496caab.jpg,0.000000,1551375,0.132383,205375,
http://i1.hdslb.com/bfs/archive/052f44184cdcc9ca6a36c711d76c4cd0ce22ba4f.jpg,0.000000,1561040,0.139029,217030,
https://i0.hdslb.com/bfs/album/150c6285fd85377458812870a2b212ba7982795e.jpg,0.000000,2332800,0.006691,15607,
https://i0.hdslb.com/bfs/album/7e54a13832e5571a20d0425404157d5cb0366108.jpg,0.000000,2592000,0.042074,109056,
https://i0.hdslb.com/bfs/album/1330d9960f8d8533d4db4e17142f26aaaea09a4e.png,0.000000,953556,0.239589,228461,
https://i0.hdslb.com/bfs/album/b700d3cc0d0770d7a66a42020cde6b965b99958e.png,0.000000,2526120,0.109462,276514,
https://i0.hdslb.com/bfs/album/286f5909952260fb5c59a9a27fa24fc8022ab338.jpg,0.000000,2527200,0.049284,124550,
http://i1.hdslb.com/bfs/archive/decfbacb94f452ffec25c389353102df97e612ce.jpg,0.000000,670292,0.180389,120913,
https://i0.hdslb.com/bfs/album/0efc3e8dcc1432d47446c5197f91e69ee9d25bfc.jpg,0.129670,2462400,0.032621,80326,你的2020年度听歌报告成功着陆清颖行星，这是历史性的一刻！F5日00:132020年收听的第一首歌力剑如梦（国语）8QQ音乐搜 「听歌报告」119
http://i0.hdslb.com/bfs/aionecitycover/74603bda696d0992e010cc041a707fe5d9182229.jpg,0.000000,460800,0.164992,76028,
https://i0.hdslb.com/bfs/album/d72cf63cfdb2b4ce36c2c58c9601de045931c56b.jpg,0.516060,2527200,0.006137,15509,立即播放评论详情绿色健康上网 wy12-26这配置基本不赚钱，你非想要自己的配置，就自己去买，对比人家的有毛病吗65相关回复共4条康百万0991VEUP12-27这不是但凡发个视频都被喷的奥特曼电竞吗我这小庙供不起大佛话我也没说死，真正良心的航班还是值得购入，老展开康百万0991UP12-28不好意思啊，这条评论，是我看到你发的第一条评论，我太客气了。对于你这种奸商，我只有口吐芬芳，fxxk off.u.fxxking stuid fxxking shxtgofxxkyourself凸1发条友善的评论
https://i0.hdslb.com/bfs/album/01e08a28492be53913a5d6b4397043e010909cb4.jpg,0.000000,1912680,0.042719,81707,
http://i0.hdslb.com/bfs/aionecitycover/a668c56c84a6a0c90fc172aee980b251b1986413.jpg,0.000000,691200,0.060565,41862,
https://i0.hdslb.com/bfs/album/6ec2ee7f0a1df2c12f8851d748a685f87b558dba.jpg,0.000000,1703040,0.062139,105824,
https://i0.hdslb.com/bfs/album/422904569f9c9f7af4858ef3faf419aa9beb1f5c.jpg,0.000000,1555200,0.057245,89028,
https://i0.hdslb.com/bfs/album/c0fa63dddf3fd2a04c10d191273fa9af23a2086d.jpg,0.000000,1308000,0.069804,91303,
https://i0.hdslb.com/bfs/album/e315104c240999485d56fce9a13a769d0bce676c.jpg,0.000000,1228800,0.029962,36817,
http://i2.hdslb.com/bfs/archive/fb4fb45174ed63bc9125904df89bff21c0a6b552.png,0.000000,589824,0.008539,5036,
http://i0.hdslb.com/bfs/archive/ccffa1f12f094d9c0f1bc266032b4fa589b12e49.jpg,0.000000,1555200,0.044768,69623,
http://i2.hdslb.com/bfs/archive/f55ebbe82aa101edda8a025aad547f264f3067c9.jpg,0.000000,566440,0.151106,85592,
http://i0.hdslb.com/bfs/archive/b0e44945b83e9aa4a325047d3b0870860cadc429.jpg,0.000000,580328,0.114081,66204,
http://i0.hdslb.com/bfs/aionecitycover/0019deaf9717dd2bf0877fff3cd6a8c8e7b76f40.jpg,0.455497,921600,0.016215,14943,改名转转转运必剪
https://i0.hdslb.com/bfs/album/62a9abb48f757d2d85e8e0078396b5146acb9c07.jpg,0.000000,1159680,0.109110,126532,
https://i0.hdslb.com/bfs/album/0ee6e0f9e0f79e27498b52903ab536054f29842f.jpg,0.019575,6483240,0.067530,437814,
http://i2.hdslb.com/bfs/archive/5dafcb4ccae005a1f1c7b2c06399eee3ee2c6aa1.jpg,0.000000,1581454,0.085960,135941,
http://i1.hdslb.com/bfs/archive/fa997b043a4b37b876119a9a955c7c7dedd73d2a.jpg,0.000000,1561040,0.000256,399,
https://i0.hdslb.com/bfs/album/4537c3f586fddb488561815fb2f5ccc0af384fad.jpg,0.000000,1166400,0.048062,56059,
https://i0.hdslb.com/bfs/album/4153584b1339ead35102a3a20ec30676e2d6b27a.jpg,0.000000,9980928,0.034762,346957,
http://i1.hdslb.com/bfs/archive/df92e7499ae096f0634b85563af4eb5576381198.jpg,0.000000,302760,0.001212,367,
http://i0.hdslb.com/bfs/archive/df07c0a4483269dbd2e7f6762bae656bc0d85206.jpg,0.000000,590004,0.098225,57953,
http://i0.hdslb.com/bfs/aionecitycover/4b516d25e671f1c1c635da04f29e1a7167bac9d0.jpg,0.000000,518400,0.094576,49028,
http://i2.hdslb.com/bfs/archive/7652614f60732ce8b8e1c9b3ef0640da438882b8.jpg,0.000000,1166400,0.407784,475639,
http://i0.hdslb.com/bfs/archive/70372b0cf2364dd0483b87d3b955ca05b87424c9.jpg,0.000000,921600,0.331356,305378,
https://i0.hdslb.com/bfs/album/47f421f5f539642e7ed68b681534d550089ae2d6.jpg,0.000000,2626020,0.011674,30656,
https://i0.hdslb.com/bfs/album/8194c82c04ee3cd6886940d8fee3907e775a5e3b.png,0.519774,1911600,0.075440,144210,ONE2020.12.311中国·北京市Sometimes ever Sometinmes never别了 2020庞哈哈ONE-个ONE Is All
https://i0.hdslb.com/bfs/album/74b6282075bface9f29d7ba9bb6162570d6b5da6.jpg,0.000000,2742336,0.006637,18200,
http://i1.hdslb.com/bfs/archive/632bb31b87f146f9cb6877e321c30aa026f23041.jpg,0.000000,580328,0.177217,102843,
http://i2.hdslb.com/bfs/archive/145811ce8aaeff17a057569ddb38742f9866c8b1.jpg,0.000000,580328,0.214884,124703,
https://i0.hdslb.com/bfs/album/6d6b6821e76a175dc9c77d4615d0cd77540ad9ed.jpg,0.000000,1166400,0.092938,108403,
https://i0.hdslb.com/bfs/album/15958725bfe59e6774a337eda9dba7c94d8090d2.jpg,0.000000,1555200,0.044160,68678,
https://i0.hdslb.com/bfs/album/4c4ef26a56ebd777f0fb8ee088441f02c2fda9bc.png,0.000000,76176,0.004975,379,
https://i0.hdslb.com/bfs/album/6e2d95feb9921275c2536c778146bc5ca9cbce63.jpg,0.000000,2083480,0.083049,173031,
http://i1.hdslb.com/bfs/archive/3b3c2f5d44747a16e0df5d265a3e594a0f895d6c.jpg,0.000000,198176,0.540285,107071,
https://i0.hdslb.com/bfs/album/632b5f754390f2c368228af9b195c43cf927db7a.jpg,0.000000,17616208,0.021952,386717,
https://i0.hdslb.com/bfs/album/3f7d37ac92b435ed4cd35c16488d3c0e29c28dc1.jpg,0.000000,1451520,0.070307,102051,
https://i0.hdslb.com/bfs/studio/share-album/fb403440eb01d9d23209e301427a7b77698dde05.png,0.000000,1069500,0.169664,181455,
https://i0.hdslb.com/bfs/album/c95b35b538432dd41731843038460e1ff90de057.png,0.580295,1486264,0.002582,3837,2020年12月25日至 2020年2月31日12月25日04:23:26睡了睡了僞口12月26日04:29:10睡了睡了僞12月27日02:17:50睡了睡了僞口12月28日01:42:17人老了，熬不动了12月29日05:02:13睡了睡了僞口12月30日00:39:14睡了睡了12月30日01:48:03真的睡了僞口12月31日04:22:26睡了睡了
https://i0.hdslb.com/bfs/album/1034559015a0b3f5edb5f2166539becaf784de7c.jpg,0.000000,2527200,0.016025,40498,
http://i0.hdslb.com/bfs/aionecitycover/3439b4dc87b135e71f3536f61bf674dd3cc01d81.jpg,0.000000,460800,0.153175,70582,
http://i2.hdslb.com/bfs/archive/79e19517456c9b0fa86e390ac1afe02dfb22d015.jpg,0.000000,225280,0.018968,4273,
http://i1.hdslb.com/bfs/archive/cc69aac7664211ccc0ae8d0034f6815a4b44ec9e.jpg,0.000000,1551375,0.122509,190057,
https://i0.hdslb.com/bfs/album/9d29abc2d39c535185f772376dce2b0c951c8f57.jpg,0.000000,17066880,0.029418,502076,
http://i1.hdslb.com/bfs/archive/0b1421d3e58ae2c2222681465b8b9fb942e1e048.jpg,0.000000,230400,0.321581,74092,
http://i0.hdslb.com/bfs/archive/8bda1dd5490b83980dbbfaeabd4432d843594090.jpg,0.000000,1866240,0.186899,348798,
http://i0.hdslb.com/bfs/aionecitycover/027e97d4c97f98959161d2949d1cb1f75a7fe194.jpg,0.000000,518400,0.123972,64267,
https://i0.hdslb.com/bfs/album/fe8f49d0a9583183cf527d8d2898ded48fbf92f5.jpg,0.000000,1610844,0.073811,118897,
http://i0.hdslb.com/bfs/aionecitycover/4474d4bf51bc9281240f099dcfe715b393700e30.jpg,0.000000,518400,0.095432,49471,
http://i0.hdslb.com/bfs/archive/831a0594fa1b58f292aff67403732c746a522e2d.jpg,0.000000,590004,0.295457,174320,
https://i0.hdslb.com/bfs/album/d7de40d9f5c6476e38d27a6cede7cb26d0e32ac0.jpg,0.544390,2280375,0.000145,331,一我伊理户结女，也一定会把你拿下的。刚才那一吻，是我的战书。并非作为绫井结女，而是作为伊理户结女下达的战书。就让我以我生平第二次的初吻，对你发出这份宣战布告吧。在甩了东头同学之时所说的，你心中那唯一的席位我一定要把坐在上面的那个女人一脚踹下来 。我轻轻一笑，没有理会动弹不得的水斗，灰阶梯上站起身来。随后，朝着那座一直背对着的神社看去。万万没想到，我居然会又一次爱上同一个男人呢。这难道也是神明设下的陷阱也就是，命运吗。这个混账神明。不过现在嘛，我倒是有那么一点感谢你
http://i0.hdslb.com/bfs/aionecitycover/3f7a0a9779a04034de077711505e65d181afdb63.jpg,0.000000,518400,0.081374,42184,
http://i2.hdslb.com/bfs/archive/1850f1b72ec7c5631788be1df7af95281b7d39e5.jpg,0.000000,230400,0.142592,32853,
https://i0.hdslb.com/bfs/album/5133b6915054ff778f3f090aec1a488766d59b2e.jpg,0.196581,2527200,0.036906,93268,2020n09nyHey8!长城你收听了466首好歌度过了257小时的音乐时光打败了92%8的人听歌机器奖AWARDS酷狗搜年报
http://i2.hdslb.com/bfs/archive/183a73d5444e30b7fd82e22c78a551b6e92978a1.jpg,0.000000,589824,0.243244,143471,
http://i1.hdslb.com/bfs/archive/d86bc29df25c209486474aa374587c3e88964469.jpg,0.000000,2073600,0.057816,119887,
https://i0.hdslb.com/bfs/album/cd374fe30aae4c84eda6680d428bb811e066ab80.jpg,0.425587,2073600,0.010691,22168,评论详情8小时前回复@天皇御弟蔡徐：你浪费多少时间？32查看对话联夜的红色飞刀8小时前回復@天皇御弟蔡徐鱼：回应一下别的啊凸2查看对话天皇御弟蔡徐鲲VS8小时前回复 @MTLQP:這而无信嗷查看对话天皇御弟蔡徐馄CVSUP8小时前回复@MTLQP:那您配吗查看对话23再怎么找也没有啦由于P主隐私设置，你无法评论
http://i2.hdslb.com/bfs/archive/4ea9b5fa2a226e4b0aaedd892edf74443d54338b.jpg,0.000000,1597401,0.065298,104306,
https://i0.hdslb.com/bfs/album/d95b96af2f04733146237ea9d3b784a4244e51fa.jpg,0.000000,2073600,0.080842,167634,
http://i0.hdslb.com/bfs/aionecitycover/f1ff726c827aeee8bbf6b7c5d86b5dcd570038fb.jpg,0.000000,518400,0.119846,62128,
http://i2.hdslb.com/bfs/archive/c3c18dbb5929f87293574e1710570358fb5744cd.jpg,0.000000,580328,0.114663,66542,
http://i1.hdslb.com/bfs/archive/88b9328187a150d3db74018672a8abe5f9044267.jpg,0.000000,676650,0.143623,97182,
http://i0.hdslb.com/bfs/archive/0b59864a501ae0b9ed862e375cca506ba843eab0.jpg,0.000000,2073600,0.112141,232535,
https://i0.hdslb.com/bfs/album/642232a944ff6e17fa3149e951379797c18810cb.png,0.000000,1166400,0.307012,358098,
http://i1.hdslb.com/bfs/archive/045f7189f3492ad4580a621ba4f1c4509b3db51f.png,0.000000,589824,0.005586,3294,
https://i0.hdslb.com/bfs/album/023998e9df4e8d5d5a7e5991e147241104f568e5.png,0.000000,1555200,0.258879,402609,
http://i0.hdslb.com/bfs/archive/e1400c75a8ee9b1c3c55a5862f89b3ab76550ad4.jpg,0.000000,1225000,0.082362,100893,
http://i0.hdslb.com/bfs/aionecitycover/fff60380d121360636a7f927660156bbe9214b91.jpg,0.000000,518400,0.151786,78685,
http://i0.hdslb.com/bfs/archive/6195a6327902accc0c333c613f18dfa1bac762bf.jpg,0.000000,1585035,0.085927,136197,
http://i1.hdslb.com/bfs/archive/dcdbce982d6237946fd446aff2af271197a2257f.jpg,0.000000,820536,0.073900,60637,
https://i0.hdslb.com/bfs/album/cbb26f5e55dafb23212bad7feb1db8dde5c95074.png,0.000000,2073600,0.103386,214381,
https://i0.hdslb.com/bfs/album/7c0ccee0ae43fff9078a671723d10e5f8c25d64b.png,0.104918,1105920,0.134835,149116,宝剑嫂12-29.91.4万浏览出互动抽奖来啦！年末礼物简单点！【转发+关注】就可以啦，抽50个朋友图片的礼盒，里面有20个产品！！！相当于拆盲盒啦，承包各位朋友一年的惊喜！再抽5个朋友国风礼盒漂亮的妆意献上~谢谢各位一直以来的支持和关注，2021也要一起开开心心！一共55个朋友，冲鸭！！！识别三维码，查看动态图片生成于：2020-12-3100:03:43
http://i1.hdslb.com/bfs/archive/835384f2dedefa6928624c074e58368313d81053.jpg,0.000000,1585035,0.065888,104434,
http://i0.hdslb.com/bfs/aionecitycover/262beaf9e96f46410d20894275cd377424dd4cae.jpg,0.000000,518400,0.106123,55014,
http://i2.hdslb.com/bfs/archive/b5df04d3fbd4e6ebb7844d5089d9532157a62a2b.jpg,0.000000,1866240,0.075391,140698,
https://i0.hdslb.com/bfs/album/469146ee4fb5d2b109028e01ba8d9c549ce491e9.png,0.000000,921600,0.024311,22404,
http://i1.hdslb.com/bfs/archive/a39c3f379a46ba774db94c2f8f3308b34ea4569a.jpg,0.000000,489472,0.237872,116431,
https://i0.hdslb.com/bfs/album/094fccbc0e1001b347714a644b062e77ab091684.png,0.000000,921600,0.058545,53954,
http://i0.hdslb.com/bfs/archive/2dd4eb03efae6657dafeb6d3d2705f0cd288c39e.jpg,0.000000,2073600,0.023992,49750,
https://i0.hdslb.com/bfs/album/1bffe0accee5d8f3fcfc7527bc793becfb14cd43.jpg,0.000000,225620,0.154841,34935,
https://i0.hdslb.com/bfs/album/5d7c0f6eee7d4647fba3c584d374eb98276c0517.png,0.000000,921600,0.023071,21262,
https://i0.hdslb.com/bfs/album/1c12cd0930410118d6b4adb1ab525a49529725a2.jpg,0.000000,656640,0.102234,67131,
https://i0.hdslb.com/bfs/album/b547889584da61396b4afe4b0e583325c92624dc.jpg,0.000000,1166400,0.000343,399,
https://i0.hdslb.com/bfs/album/641d7d5c09154be84fd351e65a0d833a7175c2d7.jpg,0.165563,829440,0.033390,27694,4G+HD22:160.0026KB/s205(30)下午问他喜欢什么女的，他说喜欢坟里的叫他道个歉有钱好赚奇奇怪怪
http://i0.hdslb.com/bfs/aionecitycover/085a34f8ad3682838e2396dc4d1f369d87403658.jpg,0.732984,518400,0.018377,9526,HandsomeBoyovobilbil在乌鲁木齐待久了
http://i0.hdslb.com/bfs/aionecitycover/fee96fe59a98db555e785496a4d0962078148847.jpg,0.000000,518400,0.084436,43771,
http://i1.hdslb.com/bfs/archive/1e0d80f3718f93eecab3dc3891aa6244b287d465.jpg,0.000000,593920,0.141297,83918,
https://i0.hdslb.com/bfs/album/91d745a49fa31a44106c7f98bb01b0bf9c14d9ef.jpg,0.000000,1094400,0.118891,130114,
http://i0.hdslb.com/bfs/archive/4ebe5a114ce1b5a5cb4f22eb2989c588b187e606.jpg,0.000000,921600,0.310484,286142,
http://i0.hdslb.com/bfs/archive/76cdd1b72a60c7e3ac24c73446b9de5ef89c5faf.jpg,0.000000,921600,0.108780,100251,
http://i0.hdslb.com/bfs/archive/b9f95eed41e3b1110a7d811e3c82e65e772c733c.jpg,0.000000,1866240,0.176568,329517,
http://i0.hdslb.com/bfs/aionecitycover/a3e76b5b728a063d440cb713e5682a01b3ab32a3.jpg,0.000000,425280,0.055445,23579,
http://i2.hdslb.com/bfs/archive/1fe7a89256a0a995aa5d3659aff5b1dede7b48c0.jpg,0.000000,1561040,0.050859,79392,
http://i1.hdslb.com/bfs/archive/eacb8dbcca3fbd912b47afbf23fabe46e4397e29.jpg,0.000000,1564598,0.178612,279456,
http://i1.hdslb.com/bfs/archive/2ef861859f4fc2cf3e91338b124b798c551c9338.jpg,0.000000,485376,0.120402,58440,
http://i2.hdslb.com/bfs/archive/efe56d78ea298b12929ca5ac387eca83fca873a7.jpg,0.000000,589824,0.071361,42090,
http://i0.hdslb.com/bfs/aionecitycover/9d38174596e042002e61bd996b003ccc24695b18.jpg,0.518325,460800,0.141785,65334,63兔甜甜：阿你稍微按一下人按一按肩胛会非常疼痛
http://i0.hdslb.com/bfs/aionecitycover/06748370171df6f9c700958f18ad473e45123c88.jpg,0.000000,511680,0.025959,13282,
https://i0.hdslb.com/bfs/album/800a871cbe35e2e02c50299b230a4c8c32ca079c.jpg,0.000000,1166400,0.023829,27793,
https://i0.hdslb.com/bfs/album/1919ab274a281eba91927683f5817da0782e448f.png,0.000000,3682401,0.042497,156489,
https://i0.hdslb.com/bfs/album/fce4aa454fe166f0fb9e65907d19a3217baaf79b.gif,-1,-1,-1,-1,
http://i0.hdslb.com/bfs/aionecitycover/e5a51fbd0c7a6177161578979c52555664147cee.jpg,0.000000,518400,0.199282,103307,
http://i2.hdslb.com/bfs/archive/e3b483126bf7d37b5588e8c632d818c09a6cf4e2.jpg,0.000000,786432,0.078128,61442,
https://i0.hdslb.com/bfs/album/9a8d322a8877337ea5142e6f37a06797ca5f5bb8.png,0.000000,1555200,0.114948,178767,
https://i0.hdslb.com/bfs/album/3025e0d1415ebb07d88047b46aa509491a470f00.jpg,0.000000,1115640,0.131908,147161,
https://i0.hdslb.com/bfs/album/fd9b395631faf01a620d7bdcb36f1d7f6cda238c.gif,-1,-1,-1,-1,
http://i0.hdslb.com/bfs/aionecitycover/256a236f84f8854149465bf3847df4cc013c6aec.jpg,0.000000,665280,0.085458,56853,
http://i0.hdslb.com/bfs/archive/f12c3d7c02863505745b1e4f92d55c89276efaa9.jpg,0.000000,589824,0.079903,47128,
http://i1.hdslb.com/bfs/archive/11f21ceea6b14329b829d62c02a22724e7a81178.jpg,0.457143,1254930,0.000322,404,青岛请记住我们！2020/06/11-2020/06/160-1
http://i0.hdslb.com/bfs/aionecitycover/988b4e5e860acfe39d61d223309a53b39e286a20.jpg,0.000000,518400,0.055987,29023,
https://i0.hdslb.com/bfs/album/77fbc5621f46a7227bdeac6e6de6a49b20e7b06a.jpg,0.000000,1048576,0.021640,22690,
https://i0.hdslb.com/bfs/album/6fe16ca7abf914bb13f06ef29c5a96fe785f54a2.png,0.000000,8006400,0.056731,454212,
https://i0.hdslb.com/bfs/album/3ff552090694f2e88da4dee3ebd610674648497b.jpg,0.000000,1166400,0.171925,200532,
http://i1.hdslb.com/bfs/archive/fbe1ed1c298b1e56c3c6302b81eeba5c99353812.jpg,0.000000,589824,0.056892,33556,
https://i0.hdslb.com/bfs/album/9fdaf0c918c1c2965b894ba43e8337fc04d723db.gif,-1,-1,-1,-1,
http://i0.hdslb.com/bfs/archive/385cad39e58dcd2dc084b346f05b58b626494c80.jpg,0.000000,1866240,0.151988,283645,
http://i1.hdslb.com/bfs/archive/c99f975ded9a48c637c61b1435da0f28143ea3d0.jpg,0.000000,481144,0.284174,136728,
https://i0.hdslb.com/bfs/album/46b594413965225afbcb0345739727be622e2666.png,0.000000,1555200,0.141459,219996,
http://i0.hdslb.com/bfs/archive/5102d929fb87bf27a7dfd4bddc505c16032bc097.png,0.000000,1866240,0.047139,87972,
https://i0.hdslb.com/bfs/active/b7c0195f01e84f9bed3ce12c391523a62c77ea3e.png,0.000000,423500,0.068971,29209,
http://i2.hdslb.com/bfs/archive/3ff3a35574780aefc60532379721f6dfa4c85056.jpg,0.000000,2073600,0.126412,262128,
http://i0.hdslb.com/bfs/aionecitycover/029b910f2521eb87bb7f0bd628129e3a53e23ecb.jpg,0.000000,691200,0.286128,197771,
https://i0.hdslb.com/bfs/album/31bff145e7e192141ba63f73846723a97fbf18c3.jpg,0.205941,8559852,0.012256,104910,
http://i0.hdslb.com/bfs/archive/39becd95600a63a0ad093443e950394b240d7206.jpg,0.000000,589824,0.010173,6000,
http://i0.hdslb.com/bfs/aionecitycover/2aefdf1ccc1432698c2374b42918e5455de34dbb.jpg,0.000000,522240,0.247396,129200,
https://i0.hdslb.com/bfs/album/3a94641e220da071fac15afd807919022367200b.jpg,0.264820,2436480,0.032330,78772,京阪電事響劇場版叶！1Blu-ray&DVD2020.2.26ONSALEYhao010]5852293移除黑名单yhaoo101年度大会员廿城赏蜻蜓碧波导剑鱼。更多电量，更多灵感充电主页动态投稿收藏yhao010112-14。投稿了视频正在缓冲【假Viogl 并发现深圳交通之美并未处理原素材温暖这个冬天转发评论凸6vh00101
http://i1.hdslb.com/bfs/archive/892b104ffb35dca977af4020f351ba26790dd9af.jpg,0.000000,518400,0.150623,78082,
https://i0.hdslb.com/bfs/album/210ceb391a644b4869c43749a1990100db6681fb.jpg,0.000000,852750,0.026293,22421,
http://i1.hdslb.com/bfs/archive/6af8ad42ab5e748d4b16cb9a96e6acf27d32dc0d.jpg,0.000000,1109160,0.113858,126286,
http://i1.hdslb.com/bfs/archive/18822b9a06b23794465157b9e6bc806e4b4747ec.jpg,0.000000,307200,0.350505,107675,
https://i0.hdslb.com/bfs/album/c16649c2c23c66ba39109a8586a50d820c55f5c3.png,0.000000,543744,0.194078,105528,
http://i2.hdslb.com/bfs/archive/eb99abed9264c31fd14b7e39e3e8faaf9a23be14.jpg,0.000000,518400,0.083285,43175,
https://i0.hdslb.com/bfs/album/531fbb6474611c29cc8054643b60331d9228b387.jpg,0.000000,577600,0.209555,121039,
https://i0.hdslb.com/bfs/album/59b18164855f0eff041b32c499df14b04bb66819.jpg,0.000000,2427840,0.012995,31550,
https://i0.hdslb.com/bfs/album/c4b504715f8ca66195b1db59f8fdcf3e84212872.jpg,0.000000,1440000,0.074027,106598,
http://i1.hdslb.com/bfs/archive/fefb508907fd5ae6c07f598968e998a83b3a2172.jpg,0.000000,580328,0.073927,42902,
https://i0.hdslb.com/bfs/album/33f3cc5dbad2ffd64a7adcc920ff7725f9a47465.jpg,0.000000,1153818,0.075437,87040,
http://i0.hdslb.com/bfs/aionecitycover/a0e130cf92227b023cda363ffb97fc6685933f8d.jpg,0.078534,518400,0.333231,172746,牛宠旗舰店牛宠小课堂荷当猪篇第66集遇到这样的情况荷兰猪拉肚子？可能是农药中毒!
http://i2.hdslb.com/bfs/archive/2cd2ec6309a716c257d1727f6b41bfbc1d2a8b36.jpg,0.000000,235520,0.248060,58423,
http://i0.hdslb.com/bfs/aionecitycover/6d3577ddc79db4fdc0404d3e69f73c30d49deaf3.jpg,0.238281,426240,0.036403,15516,林氏咽音唱法 ilbili高音翻唱到前无古人的高度一high A.）晚上6:07LUCiamo)20转文字乐迷心窍傅聪一一无可复制的音乐会故人不可见，名曲日月留乐迷心路晚上8:43林力建老师59林力出老师)60”应文太棒了应文档晚上9:11麻烦
https://i0.hdslb.com/bfs/album/9f8861e0f090bba1ac38a5fd35902bc562800f28.gif,-1,-1,-1,-1,
https://i0.hdslb.com/bfs/album/5e3345fb70295d53741c41523c8b07b3638dbac3.jpg,0.302989,1141398,0.005635,6431,庄羽+关注12-3108:33来自新版微博 weibo.com时隔十五年，收到郭苟敬明的道歉，如郭敬明先生所说，这的确是一份迟来的歉意，我接受郭敬明先生的道歉。对于郭敬明先生提出的将梦里花落知多少）这本小说出版后获得的线上线下所有的版税以及全部收益赔偿给我的这个提议，我有一个新的建议，我也将 圈里圈外这本小说出版后获得的线上线下所有版税以及全部收益同《梦里花落知多少》的收益合并在一起成立一个反票窃基金，用以帮助原创作者维权，并接受公众的监督，请郭苟敬明先生考虑。
https://i0.hdslb.com/bfs/album/69f6e618b82dd9aab71d0fa7217efdaac4d2aeef.jpg,0.000000,208640,0.511457,106710,
https://i0.hdslb.com/bfs/album/fb0a55b6fb803e206bf6e4e0ed2a79a5202b0acb.jpg,0.386218,2527200,0.015119,38209,胖子清呐B币:0.0硬币:871314动态我的大会员番剧 国创 抢先看离线缓存历史记录我的收藏稍后再看创作中心上发布创作首页稿件管理打卡挑战有奖活动直播中心回开播房间设置直播数据主播公告推荐服务我的课程免流量服务个性装扮邀好友赚红包游戏中心我的钱包会员购中心商业服务
http://i0.hdslb.com/bfs/aionecitycover/cf1e5961df4d40b227f235033b7bc4b90a1e64b5.jpg,0.000000,518400,0.089289,46287,
http://i2.hdslb.com/bfs/archive/0536e3823832860290f88e182c76be64299bb5ef.jpg,0.000000,580328,0.162863,94514,
https://i0.hdslb.com/bfs/album/501ce076a64610c2bf839aa4dab6720bf5eb2392.jpg,0.000000,38808,0.263069,10209,
http://i0.hdslb.com/bfs/aionecitycover/c7f91bd1401351c96b4f5cbb13b2c7b85c054707.jpg,0.000000,518400,0.160515,83210,
http://i0.hdslb.com/bfs/archive/ea0094ad0a6c3a4af565f1962c0a07c03f3c633d.jpg,0.000000,1669680,0.095208,158966,
http://i0.hdslb.com/bfs/archive/433550e83e723f644ffc926418824d509dac8b36.jpg,0.000000,1866240,0.093654,174780,
http://i1.hdslb.com/bfs/archive/9874fe373ef85f242b9fb2356444a3cf842d4c53.jpg,0.000000,590004,0.124002,73161,
http://i0.hdslb.com/bfs/aionecitycover/d7f550e48dbb91d5ae7fd91c2968a54e9b23c378.jpg,0.000000,518400,0.263238,136462,
https://i0.hdslb.com/bfs/album/a1dc87a72d80ad2be86392f25254829e082fc1e7.jpg,0.000000,264160,0.234388,61915,
https://i0.hdslb.com/bfs/album/b0445c1bad6cddc92eb94fb6a8372c30b9afad1d.jpg,0.000000,276874,0.675298,186972,
https://i0.hdslb.com/bfs/album/2aad51ef5e135767b23f574cc71aee03d5bb4b24.png,0.000000,891956,0.068915,61468,
https://i0.hdslb.com/bfs/album/dd35305d16f97df4ac5905cab870f4ba387b20eb.jpg,0.344350,1262148,0.051978,65603,肖 战水仙《忘记你，请你爱我》第七集审核中编辑更多肖 战水仙《忘记你，请你爱我》第五集黑白美/魏无羡&魂婴18:462020-12-30 16:4810258639127分享数据编辑更多
https://i0.hdslb.com/bfs/album/5df33eea01af8499c2ad6a2758f5a6d41f9b9765.jpg,0.000000,1555200,0.030141,46875,
http://i0.hdslb.com/bfs/aionecitycover/1abd0643073f03313d3535ab3e113ce6f7e96488.jpg,0.000000,691200,0.013706,9473,
http://i1.hdslb.com/bfs/archive/c5e011c9fb63a0d10fd2698e247a78bdfee75870.jpg,0.000000,2073600,0.148801,308553,
http://i2.hdslb.com/bfs/archive/0ab47029c437421bb7774f05fb53db3e4bf1a5d5.jpg,0.000000,1581454,0.142554,225442,
http://i0.hdslb.com/bfs/archive/6df9ec2d4c2ee6ae5871803fecb534b2c83cbe10.jpg,0.000000,589824,0.183153,108027,
http://i0.hdslb.com/bfs/archive/5287ad809477df5fd45be013577648ad2d13af87.jpg,0.000000,670292,0.167854,112510,
http://i0.hdslb.com/bfs/archive/38cc39f0c90d7ae9b90c158b9b21970edcc354d9.jpg,0.000000,786432,0.114232,89835,
http://i0.hdslb.com/bfs/archive/14391e30a626e387e8536c275ae24e9bfcfdabdf.jpg,0.000000,1866240,0.174168,325040,
http://i2.hdslb.com/bfs/archive/c550ea4580e782663b10889a279b4acb19dbd940.jpg,0.000000,599760,0.090527,54294,
https://i0.hdslb.com/bfs/album/973c3418303022e9e391fb5d0c66329a3b7209ec.jpg,0.000000,990000,0.067847,67168,
https://i0.hdslb.com/bfs/album/9cb41dcab34a47c73fdd58e3fefb7805c6c6361a.png,0.000000,859950,0.084266,72464,
https://i0.hdslb.com/bfs/album/868a17a422a954344ad98f385daa586fb0289e85.jpg,0.000000,1152000,0.181788,209420,
http://i0.hdslb.com/bfs/archive/934404334b35f9787c166e6deb12b11cfce23e63.jpg,0.000000,502784,0.168744,84841,
https://i0.hdslb.com/bfs/album/0be0fee0a65ee4b734bcc075591ec317ca234196.jpg,0.000000,1549676,0.050141,77702,
http://i1.hdslb.com/bfs/archive/d5de85327985dceaf055bd287b8b32b107ebbe65.jpg,0.000000,1866240,0.069816,130293,
http://i1.hdslb.com/bfs/archive/9ea03a28c6b99ad56a6c2dacc48c13ec77a58984.jpg,0.000000,2073600,0.070858,146931,
http://i1.hdslb.com/bfs/archive/fa02a9aa10d6121a31dd12553f23119b2ad93ef3.jpg,0.000000,580328,0.304947,176969,
http://i2.hdslb.com/bfs/archive/5f8d0ff7202ae25d990aac48565bd1d0baa3c9d1.jpg,0.000000,689456,0.162605,112109,
https://i0.hdslb.com/bfs/album/f687def58c673903651dc4bc525e1f3353d9fe39.jpg,0.000000,1749600,0.020055,35089,
http://i0.hdslb.com/bfs/aionecitycover/fb7c55dca5e7ed5f06cb7795302ab2e58324d3c0.jpg,0.000000,518400,0.199180,103254,
https://i0.hdslb.com/bfs/album/be5313ace8f4dc1d7a8a9265f235fc83078f48fb.png,0.000000,145236,0.483347,70199,
http://i0.hdslb.com/bfs/archive/43331c2175f9b422fc056e1d4debd50278dfa3f6.jpg,0.000000,1581454,0.008080,12778,
https://i0.hdslb.com/bfs/album/a58d9fcfbfb2c485b366983c078fd98b1dd3dcfd.jpg,0.000000,1458000,0.040880,59603,
http://i1.hdslb.com/bfs/archive/c72c669a649ea0af05e029d3d3c4abd04791f2f4.jpg,0.000000,580328,0.506106,293707,
https://i0.hdslb.com/bfs/album/6d641703c391325678ce20f2d0ddd400383668b8.png,0.000000,2073600,0.240535,498773,
https://i0.hdslb.com/bfs/album/53ff2d3301d77835d2d25601654a2dd7fc773ad7.jpg,0.000000,1555200,0.006293,9787,
http://i1.hdslb.com/bfs/archive/82a7023e55ba3ca6f4b1d47e2ce90b66da17607d.jpg,0.000000,1585035,0.057876,91735,
http://i1.hdslb.com/bfs/archive/d64d8d573c4365f2ba086e9ef3534c6404eb4a4b.png,0.000000,2073600,0.007825,16224,
https://i0.hdslb.com/bfs/album/29fac1fdaa95759e97f258254945a88aadd47a3c.png,0.000000,664500,0.118411,78684,
http://i1.hdslb.com/bfs/archive/b61d3f4a27c6721e7192f2c332980f29240acf76.jpg,0.000000,589824,0.057268,33777,
http://i0.hdslb.com/bfs/aionecitycover/78021cc28c3303aa0c0a3b85c3b7e7b8421e0e15.jpg,0.000000,691200,0.111457,77039,
https://i0.hdslb.com/bfs/album/abc8dbabd676ab2c90292462c093a9a55b6e40e7.jpg,0.000000,1413696,0.381091,538747,
http://i1.hdslb.com/bfs/archive/a7e3be2c52df3de559887717911e9023bb02a940.jpg,0.000000,652036,0.181323,118229,
http://i0.hdslb.com/bfs/archive/170be8b81b61e5dd9ebcd38a915d8a47040c049f.jpg,0.000000,230400,0.330885,76235,
http://i0.hdslb.com/bfs/archive/61a64052bcecbc851da8a101737361ab956e8f84.jpg,0.000000,786432,0.148553,116826,
http://i0.hdslb.com/bfs/archive/59068ab5ed242b78e42a023856e59fe2e4f1906e.jpg,0.000000,589824,0.361922,213470,
https://i0.hdslb.com/bfs/album/84d7f3d193f4b7bd92ec187f421d9b7b53314355.jpg,0.000000,23789568,0.006996,166441,
http://i2.hdslb.com/bfs/archive/ce96d1e3caac8df2b57df7328b958587f4607bad.jpg,0.000000,147456,0.636311,93827,
http://i1.hdslb.com/bfs/archive/b5388e91ec4eb2e47acd3ae681706bd887c84c75.jpg,0.000000,589824,0.170614,100632,
http://i0.hdslb.com/bfs/archive/e9381436c1320453619dac9c5e27e0ab14d8d3f6.jpg,0.270270,580328,0.174456,101241,不過是四季輪回罷了
http://i0.hdslb.com/bfs/archive/e59b3d109f89ab887aea6dc9890055f52bf87552.jpg,0.000000,1551375,0.031268,48507,
https://i0.hdslb.com/bfs/album/74ecfc058969a9e5934aabe874c262f669945b5d.png,0.000000,1555200,0.148597,231098,
http://i2.hdslb.com/bfs/archive/e963166e73ebd648616b630447360e8756cbb94d.jpg,0.000000,307200,0.468821,144021,
https://i0.hdslb.com/bfs/album/4e1e54fd20ed921f62fd0d23e999c326bb6ed4e8.jpg,0.000000,1228800,0.115290,141668,
http://i1.hdslb.com/bfs/archive/f64bc9524ec7371ce1800de871c113da713a5ee5.jpg,0.000000,1866240,0.234526,437681,
https://i0.hdslb.com/bfs/album/5e6a3ce1c9020b061af867687a5a881da4a62bb6.png,0.000000,8622060,0.007405,63849,
http://i2.hdslb.com/bfs/archive/83b7d2175b166d3434fa681c48262cf40c60cdb2.jpg,0.000000,919454,0.113621,104469,
http://i2.hdslb.com/bfs/archive/0f4333a7adf0a70fbc6706c37d05b1b62136ab65.jpg,0.000000,590004,0.075687,44655,
https://i0.hdslb.com/bfs/album/f35eb8d74682e6fe3e2936ea131c13956a107f82.jpg,0.397924,1571400,0.004299,6754,由近时间2020-12-3012:59:31甲诉编号30770410受理状态√等待处理小丑变身.exe稿件状态：已锁定能具体讲讲哪里有问题吗，做视频很辛苦的说orz申诉工单已于 2020-12-30 12:59提交待审关闭申诉问题已决客服2020-12-30 12:59:31您好，您的反馈我们已收到会尽快核实处理，请您稍等。客服2020-12-3013:20:50您好，稿件内容依然需要注意避免不文明言论的展示哦，感谢您的理解2020-12-3023:58:44谢谢，辛苦了请输入回复内容发表回复
http://i1.hdslb.com/bfs/archive/b6e439fdac2179296a0865dc2e9a80e1e4cace1d.jpg,0.000000,1866240,0.106163,198126,
https://i0.hdslb.com/bfs/album/a835aefe5a219d4404a8552791b9a2259274c003.jpg,0.000000,963360,0.086861,83678,
https://i0.hdslb.com/bfs/album/4787ed5636dc8a0c04396cb9617905ceb3ea2bf7.jpg,0.000000,747600,0.057725,43155,
http://i2.hdslb.com/bfs/archive/ddad403b0e3ef2afe68cdb9e3f70672cedb05223.jpg,0.000000,1551375,0.035610,55243,
http://i2.hdslb.com/bfs/archive/88e37a8fdc037c849a48397c63d873065d357486.jpg,0.000000,1581454,0.001138,1800,
https://i0.hdslb.com/bfs/active/2d13690caf6b4e88f458c142b84e214fa4fc868b.jpg,0.000000,2055375,0.049517,101775,
https://i0.hdslb.com/bfs/album/9845b7dd619a39a05e4f6925edff077ab39af49d.jpg,0.000000,2527200,0.160394,405346,
https://i0.hdslb.com/bfs/album/331a12e8d9aa06c42a410843db3d564321b1517c.jpg,0.194444,2527200,0.000194,490,直播小喇叭20:01直播【天选时刻】中奖通矢知Ken老师发起的抽奖获得了英特尔数据线三合你好，你于2020-12-3019:56:32在有梦想的阿—，请及时联系主播并提供领奖方式哦。超过7天不领取，将会被视为自动放弃奖励。请点击下面的地址填写收货信息哦~手机端网址网页端地址21:56直播【天选时刻】中奖通知你好，你于2020-123021:51:04在有梦想的阿Ken老师发起的抽奖获得了阿肯鼠标垫，请及时联系主播并提供领奖方式哦。超过7天不领取，将会被视为自动放弃奖励。请点击下面的地址填写收货信息哦~手机端网址网页端地址发个消息聊聊呗~
http://i2.hdslb.com/bfs/archive/9e3afc1cb7f335216efcccdb9c3e19e394fa4996.jpg,0.000000,1866240,0.115870,216242,
https://i0.hdslb.com/bfs/activity-plat/static/d1cf92bc9dbcd4aba66a240199ecc790/menu_h5.png?v=12302,0.039224,9281250,0.000040,375,
http://i0.hdslb.com/bfs/archive/2ee0f17ba4dad6a07ef4b8093f9f5e20ecc8d482.jpg,0.000000,714092,0.136239,97287,
http://i0.hdslb.com/bfs/aionecitycover/9363450ed5c419c20b774ba2bf2b89ce9ba2d7af.jpg,0.000000,518400,0.160030,82959,
http://i0.hdslb.com/bfs/aionecitycover/050fa36dab120a1dc6c70ef654d8e72e3af26831.jpg,0.000000,522240,0.038835,20281,
https://i0.hdslb.com/bfs/album/c84af2f86a23c88763e61be75c31033e88770861.jpg,0.000000,2527200,0.036574,92429,
https://i0.hdslb.com/bfs/album/8b1354729dc139841df54ac64ba060b0503005b1.jpg,0.000000,6375482,0.029357,187166,
http://i0.hdslb.com/bfs/aionecitycover/896af7cbde0872b0089ea361882ded5c5ae90fca.jpg,0.000000,691200,0.243756,168484,
http://i1.hdslb.com/bfs/archive/f602a5eda53c33c054b4949f8e1064d69cd95b51.jpg,0.000000,589824,0.060896,35918,
https://i0.hdslb.com/bfs/album/b376bc0da77cad5514875b580ed0d9897fb8454c.jpg,0.000000,1555200,0.006924,10768,
https://i0.hdslb.com/bfs/album/f4fd18cf7c565527b9dc96d4df9460fd9f8e5bf2.png,0.000000,360000,0.190291,68504,
https://i0.hdslb.com/bfs/album/4437c84b8bd2caea8eb0d476e673eede45b04c24.jpg,0.000000,2527200,0.101096,255490,
https://i0.hdslb.com/bfs/album/34f4443d4307d7d2dce2b5925e71e8728eb9ff4e.jpg,0.000000,1000500,0.018126,18134,
http://i0.hdslb.com/bfs/archive/3f56b0c3d1b4708d8393f48ae31f0e4703c9680a.jpg,0.000000,1166400,0.140566,163956,
http://i0.hdslb.com/bfs/archive/b12f0b67537b4b2036150efc501691c8096f915b.jpg,0.000000,1585035,0.065615,104001,
http://i0.hdslb.com/bfs/aionecitycover/9aa8a1991bc1d499d85698f48e6bfc3adf761ad5.jpg,0.000000,518400,0.132746,68815,
https://i0.hdslb.com/bfs/album/7ab76393883ff47a6bc6dfb6f98e3683831120d6.png,0.000000,937764,0.012504,11725,
https://i0.hdslb.com/bfs/album/0ddf1fc7dff12c73943dfb9929644932f49907d8.jpg,0.000000,1749600,0.143711,251437,
http://i0.hdslb.com/bfs/archive/e48581a25b147a95f76eee88fd1dd9425fbe432d.jpg,0.000000,691200,0.009759,6745,
http://i0.hdslb.com/bfs/archive/8bcb1d6c6cdababb75f42bea71df83c7d7b15421.jpg,0.000000,1866240,0.058295,108791,
http://i0.hdslb.com/bfs/archive/86ff5b1fe6564b23cb05692389de233c47407084.jpg,0.000000,1581454,0.056395,89186,
https://i0.hdslb.com/bfs/album/5620281b97cbfc5c0988fd0b338987c0895112e5.jpg,0.000000,874800,0.160326,140253,
http://i0.hdslb.com/bfs/aionecitycover/abdf53a3db5bfb656977567b2fd5dfdc6e195397.jpg,0.000000,460800,0.333642,153742,
http://i2.hdslb.com/bfs/archive/7c3c960ec76d9d8523585f8c97b61633e9d53ab2.jpg,0.000000,2353220,0.093102,219088,
http://i0.hdslb.com/bfs/aionecitycover/4e98e3faf3e30ca134237e88df282c1493630e78.jpg,0.000000,518400,0.132454,68664,
http://i2.hdslb.com/bfs/archive/994804934335dd7dda6fd5de1accac3d99f9e4b3.jpg,0.000000,6092192,0.022247,135532,
https://i0.hdslb.com/bfs/album/d6aa40ef8a933e504f472a20fec9f0ceec69fe29.jpg,0.000000,2592000,0.093783,243085,
http://i0.hdslb.com/bfs/aionecitycover/ae60181c8a959f9f5c24e7eab8a70de7eca8c857.jpg,0.000000,437760,0.083926,36739,
http://i2.hdslb.com/bfs/archive/27d05af5ff436ac78096cf49271f9c745ae91044.jpg,0.000000,589824,0.157432,92857,
https://i0.hdslb.com/bfs/album/317abe8659b29a9d32eace0be384bc885e843b41.jpg,0.000000,3412800,0.054307,185338,
https://i0.hdslb.com/bfs/album/84bd59b20d4fb1014f4b3876f7888cf35031fbde.jpg,0.000000,2527200,0.103190,260782,
http://i0.hdslb.com/bfs/archive/82adba3a17aa1ac968bc355f8d7bbbb618d555de.jpg,0.000000,590004,0.140696,83011,
https://i0.hdslb.com/bfs/album/f1cf60bdca87e34ea203a1f583e308db4643b085.jpg,0.000000,1695600,0.043128,73128,
https://i0.hdslb.com/bfs/album/77f4364526f8d60ede289f596e2795fb895d460e.jpg,0.000000,1749600,0.083786,146592,
https://i0.hdslb.com/bfs/album/7ee6163de0867c322f623daf593d8f9070f8d731.jpg,0.188437,2527200,0.011023,27857,+关注自学学习再学习 V不与脑没发育完全的生物交流：每解释一次，证明你知残多一份收起UID:602884432什么都没找到啊TT
https://i0.hdslb.com/bfs/album/5adb119fd4271c715f7b1bafa7a74228fa2df0b0.jpg,0.000000,2462400,0.063135,155462,
http://i0.hdslb.com/bfs/archive/7ea85b5dfed3bed1a345ffeba998e25b2cf94279.jpg,0.000000,589824,0.064276,37911,
https://i0.hdslb.com/bfs/album/b28b942119fc32473ddb883eb3027e0c77b69ecc.jpg,0.000000,2439720,0.035215,85913,
http://i1.hdslb.com/bfs/archive/d519a1cea9c783765bcb51f99bca97d7862c095d.jpg,0.000000,2069760,0.071133,147228,
http://i0.hdslb.com/bfs/archive/d42195e321c214e328fd1e6674ab95397030fe66.jpg,0.000000,384160,0.181297,69647,
https://i0.hdslb.com/bfs/album/9c868b6bfb6fec2091e07f455bf00d3b992e4b89.jpg,0.000000,2073600,0.263665,546735,
http://i2.hdslb.com/bfs/archive/78c854910288ed4d8b1235b386a1e41804d4d0f6.jpg,0.000000,472064,0.222375,104975,
http://i0.hdslb.com/bfs/aionecitycover/135a62beeac9a43d4d95c7becd5d0e364e2fc7cf.jpg,0.000000,518400,0.111268,57681,
https://i0.hdslb.com/bfs/album/9b748522b68a59d3e65f71b7b023a9afd6d1683c.jpg,0.000000,1558440,0.038313,59708,
https://i0.hdslb.com/bfs/album/ebb9d70d9edf3c70adf8fcdca199c1bc80cc1b57.gif,-1,-1,-1,-1,
http://i0.hdslb.com/bfs/aionecitycover/87551952704e8331067cae196f0e0699f59c334b.jpg,0.000000,921600,0.091166,84018,
https://i0.hdslb.com/bfs/album/1052b2543dd0b6234f36e6e6b9550e9d2639f9df.jpg,0.005115,2118960,0.083960,177908,EKIDEN打知5世出場校&漫手一覽在公開儿去一東京箱银間往復大学职后競走SAPPORO 人术第970箱根位2021.1.211)/3日7:00加生中继！出場校一覽第96回動画新着記事NEWHAKNE
http://i0.hdslb.com/bfs/archive/6d2a763253c190dbc446e8d13d510c0713348ee1.jpg,0.000000,666285,0.302760,201724,
http://i1.hdslb.com/bfs/archive/fa2ea4a44397a4e4d520cb9a7b46cb1f3a2c3de3.jpg,0.000000,921600,0.162727,149968,
https://i0.hdslb.com/bfs/album/b328792e105efc03ef34a2d2f52a835eb776e7ae.jpg,0.000000,2527200,0.135721,342993,
http://i0.hdslb.com/bfs/archive/467421a2cf97244a2d76e836cbd41866d323a892.jpg,0.000000,670292,0.108676,72844,
https://i0.hdslb.com/bfs/album/5855c742b42207b55f8a44ca317de780dd9ed3c8.jpg,0.000000,1555200,0.053648,83432,
https://i0.hdslb.com/bfs/album/812878b05c6a6b48d9fd55e685d06fdef490ae04.jpg,0.000000,546920,0.213500,116767,
https://i0.hdslb.com/bfs/album/12c92b9fe9ce974c3db031ac3aeb1f4f21ebada9.jpg,0.000000,4974256,0.022208,110466,
http://i0.hdslb.com/bfs/archive/f63f4164e5b4bcbaacee13bd3fa02f6e470d80af.jpg,0.000000,580328,0.325988,189180,
http://i0.hdslb.com/bfs/aionecitycover/608f0331b0e945cbeef7680e2f2e12c3c8051ff8.jpg,0.000000,518400,0.216073,112012,
https://i0.hdslb.com/bfs/album/7288e6612c620a1d43526d169a25d603f49275d4.jpg,0.000000,1054800,0.084492,89121,
https://i0.hdslb.com/bfs/album/998a138d33348a937453da01c26a41e1ef1ee4fc.jpg,0.000000,160801,0.219014,35217,
https://i0.hdslb.com/bfs/active/e0945ff66612128755a9c6ee7216c2d3dd4284ea.png,0.000000,423500,0.064677,27390,
https://i0.hdslb.com/bfs/album/6e3aef091fef7e13acd5783484666d3c71c1e601.jpg,0.000000,2527200,0.013888,35098,
http://i1.hdslb.com/bfs/archive/1e079b5581a02d1fbcd815b7422ca2a702eeb45a.jpg,0.000000,1578870,0.047951,75708,
https://i0.hdslb.com/bfs/active/57be5185adbb88bf494aa4ab8d9048d9a548d56d.png,0.000000,876000,0.063870,55950,
http://i2.hdslb.com/bfs/archive/0ef4a5536bee6cda2f8ee27fc13928c368bfc0c6.jpg,0.000000,670292,0.073990,49595,
http://i2.hdslb.com/bfs/archive/7bd5c77f19a2e9ceecc6bec42bec6209e6e34574.jpg,0.000000,2073600,0.068238,141498,
http://i2.hdslb.com/bfs/archive/269da32d3ce4a5feb6df427aa2281032c2bdfeb3.jpg,0.000000,696300,0.032460,22601,
https://i0.hdslb.com/bfs/album/2ffa05c1f9fc1d64fafcb3e52768cfb7533416f6.jpg,0.035971,490000,0.145233,71164,
https://i0.hdslb.com/bfs/active/affe6f552630f21d0a37b1cd1bb1da76022bec38.png,0.000000,876000,0.098209,86030,
https://i0.hdslb.com/bfs/active/fa78b0c10ebfdc0aaa4f54b3d28e5f7db82f92af.png,0.000000,423500,0.080564,34118,
https://i0.hdslb.com/bfs/album/215e7238f57e57b89c68cb3601ff0a4128b30e5a.jpg,0.000000,2600640,0.047759,124205,
https://i0.hdslb.com/bfs/album/4ad53d47ca24d69e7077e36f7047ea0262514929.jpg,0.000000,1054800,0.169700,179000,
https://i0.hdslb.com/bfs/album/1e3372ee966353d4485cf3c31e70995c3b677b1e.jpg,0.000000,2073600,0.013930,28884,
http://i0.hdslb.com/bfs/archive/50fc749f2591c7dfdf3e68926d2acd90221c5f8f.jpg,0.000000,1866240,0.021431,39995,
https://i0.hdslb.com/bfs/album/51d1c3848209f44fc8df03e61bfc89dde88f0688.png,0.000000,1421550,0.113080,160748,
http://i2.hdslb.com/bfs/archive/b50fae5497a401390e0ea3e9a0e2d200c99dad8c.jpg,0.000000,1561040,0.003922,6121,
https://i0.hdslb.com/bfs/album/69ef4cb81e7c8d4699f1e01943d4ad0fc449dbc2.jpg,0.000000,892080,0.040399,36039,
http://i1.hdslb.com/bfs/archive/9fb199a0247c7605ad1e8efdd8f013b6e299ad1a.jpg,0.000000,1578870,0.047349,74757,
https://i0.hdslb.com/bfs/album/88dc576c3028f5faa99c4ab246bd4ffc019fa9d5.jpg,0.000000,878040,0.110249,96803,
https://i0.hdslb.com/bfs/album/dcee4972d3edcb7726b146a184d24c4bb36f89bc.png,0.000000,69204,0.273662,18938,
http://i1.hdslb.com/bfs/archive/a222571ed288a7cdb11cf48420d3f0780d603d37.jpg,0.000000,580328,0.273514,158727,
https://i0.hdslb.com/bfs/album/0f35a2fddce190688be4a7bafabd28d812863aef.jpg,0.000000,607034,0.032094,19482,
http://i2.hdslb.com/bfs/archive/8ebccceee2fc6a8407724cd4649ac89f31de2de6.jpg,0.000000,2073600,0.034393,71317,
https://i0.hdslb.com/bfs/album/7ed8eaa4068fb58f3706b092cc40b56e41a8c75e.jpg,0.000000,562500,0.097319,54742,
https://i0.hdslb.com/bfs/album/8e69de9404c7a6f4a4e4efbc6545cd91512fb3bc.png,0.000000,1189080,0.072809,86575,
http://i1.hdslb.com/bfs/archive/368f261dda8f54e9ad150c3886c4baa37ac156af.jpg,0.000000,1697440,0.050241,85281,
http://i0.hdslb.com/bfs/aionecitycover/bc1bffc1713853f2b3fd4a54f8df2d96e7d74635.jpg,0.000000,518400,0.176930,91720,
http://i1.hdslb.com/bfs/archive/e5a18741d8aef415d2582c9e66ea1ddfb520c57c.jpg,0.000000,580328,0.136376,79142,
https://i0.hdslb.com/bfs/album/ee8a010a9a82bb610df509c350690bce2113adaa.jpg,0.000000,183920,0.274033,50400,
http://i1.hdslb.com/bfs/archive/a0cb6d5fc7a923941009ef449ffd165aea2a11fb.jpg,0.000000,587776,0.264383,155397,
https://i0.hdslb.com/bfs/album/a165dd13080d389da7a871142a8fd7398553e869.jpg,0.000338,1996920,0.056518,112861,心脆弱没有主见 缺乏进取精神维方式和言行举止都会偏女性化
https://i0.hdslb.com/bfs/album/0c37e6097b759a7cceb58b367d16edd53a40475e.jpg,0.000000,160000,0.312324,49971,
http://i1.hdslb.com/bfs/archive/4ee2f85b3cab6400b521dd82f1f4dcb757300b8b.jpg,0.000000,589824,0.226065,133338,
https://i0.hdslb.com/bfs/album/d113a733d04616e231854577ebfd1f44f80430eb.png,0.000000,1555200,0.038438,59778,
https://i0.hdslb.com/bfs/album/4e7744818dbcf82d29c0a3e9be57dc6bfd4b967c.jpg,0.000000,335642,0.024219,8128,
http://i0.hdslb.com/bfs/aionecitycover/1f5f742ed93ef9f771ed26406a1d545a51d86b94.jpg,0.000000,518400,0.123146,63839,
https://i0.hdslb.com/bfs/album/9c7368a3ecc9d6ce6b13d62a0966bf7275b8d8b6.jpg,0.000000,1281606,0.054121,69362,
https://i0.hdslb.com/bfs/album/bfebc38607d8371f08bf5f59d4a12e013c3da381.jpg,0.000000,2073600,0.032741,67892,
https://i0.hdslb.com/bfs/album/5a0813bab006101ac01fc0a5255e1b4772ab3ab4.jpg,0.365919,2527200,0.022076,55790,309520粉丝关注获赞移除黑名单赤北衣美年度大会员爱嘎永不变详情主页动态投稿收藏赤北衣美9小时前·投稿了文章什么叫喜欢的是森山实栗而不是新垣结衣，这种言论请适可而止一个角色，它的成功，到底是依靠角色本身的魅力还是演员赋予了灵魂?这是个显而易见的问题，毫无疑.32阅读新垣结衣只为了你、新垣结衣最可爱了赞了转发4
http://i1.hdslb.com/bfs/archive/e58375da360fd4c6b64735e92436afb4544994c9.jpg,0.000000,589824,0.112480,66343,
http://i0.hdslb.com/bfs/aionecitycover/a8978f43e0e3a1b8b695e94f0c4262c76f05a51b.jpg,0.000000,518400,0.172104,89218,
http://i0.hdslb.com/bfs/archive/01ed556e8212c32a3232b00a0b9f0423e48a08ff.jpg,0.000000,1581454,0.068454,108256,
http://i1.hdslb.com/bfs/archive/d9c81697d5ab82dceac3ae1215b607cfb5235310.jpg,0.000000,1463040,0.166145,243076,
https://i0.hdslb.com/bfs/album/c38d8aae9640a24fefafc8ff4fc0f60e290a6e52.jpg,0.000000,2071680,0.139105,288181,
https://i0.hdslb.com/bfs/album/86c5c6289fa184a3e65d01b3ae6bc2dd240243ca.jpg,0.000000,2592000,0.083524,216495,
https://i0.hdslb.com/bfs/album/c3a1575f87c7a0402802aa3c378c1dd00b7cebf5.jpg,0.888651,2527200,0.001694,4281,楂揮毛寫诫滑毛娴？金巢风风鍵增鍾
http://i0.hdslb.com/bfs/aionecitycover/4f4d36dd4ffcae0dd52c94d26bb679999cc5dd48.jpg,0.000000,518400,0.064010,33182,
https://i0.hdslb.com/bfs/album/46e960c93b091ca4538e1f4b7b0bf72d1124a7d0.png,0.000000,112464,0.507608,57087,
http://i0.hdslb.com/bfs/archive/00101f9c1c46c5dfaabe0a6823c62e15c1d0abaf.jpg,0.000000,1866240,0.038359,71587,
https://i0.hdslb.com/bfs/album/b1980fd60531bbaad4e45996427a557973e73375.jpg,0.000000,2532600,0.041367,104765,
http://i2.hdslb.com/bfs/archive/3ad6893b90afedfb66eb2453a73d9cbfd3a1b4a0.jpg,0.000000,522240,0.053769,28080,
https://i0.hdslb.com/bfs/album/26c76d39b5225ba481cf4ad6ff277d063d5e7c1b.jpg,0.000000,1219825,0.046523,56750,
http://i2.hdslb.com/bfs/archive/599087d87854c4778ae61669d379ad4a142ef981.jpg,0.000000,589824,0.181847,107257,
https://i0.hdslb.com/bfs/album/8e2a18865662aae3cbc4e880867ad9fb74df0f83.jpg,0.000000,15925248,0.026605,423687,
https://i0.hdslb.com/bfs/album/7e5ef5e648598ac91692b853ea76c63f8ba82857.jpg,0.000000,1555200,0.142977,222357,
http://i1.hdslb.com/bfs/archive/de5dacd52a96f1b865b411eb282d80c4d352763e.jpg,0.000000,1866240,0.139967,261211,
http://i1.hdslb.com/bfs/archive/7cf0a6e360451fdad49cea38a1ae2c0ce3e823e4.jpg,0.000000,820536,0.334060,274108,
http://i0.hdslb.com/bfs/aionecitycover/b45d10fdd562a5b739d0faea3ec277c5bf963b47.jpg,0.000000,460800,0.219242,101026,
https://i0.hdslb.com/bfs/album/a1a722ead82be2ba16c33deadb6e9fcbb0409ac4.jpg,0.000000,8100,0.375000,3037,
http://i0.hdslb.com/bfs/aionecitycover/933b28912dc7a4bff059260f772b9f87eabc4614.jpg,0.000000,518400,0.200352,103862,
http://i1.hdslb.com/bfs/archive/c9594f663c8baa2e79f7f22c1002bfd74d7fb9a8.jpg,0.000000,589824,0.045190,26654,
https://i0.hdslb.com/bfs/album/f9b4028abc478e5d54924281d9521e497dbd563d.jpg,0.000000,877176,0.054163,47510,
https://i0.hdslb.com/bfs/album/c4f7ebbc367db768e5e92e02c3a5b1866beb6096.png,0.411321,1000500,0.003027,3028,我的数据总运动5700运动历史分钟消耗（千卡）累计（天）连续（天）2168114周目标调整目标目标5天，每天30分钟36周一周周三周四周五周六周日运动数据周报12/21-12/27今日步数350031步
https://i0.hdslb.com/bfs/album/aac99ac003c47cffb9ae4ee67c69648b1892236d.jpg,0.000000,1414000,0.129905,183685,
https://i0.hdslb.com/bfs/album/33072c351d40255ac4c7d890cc2c0632ab729841.jpg,0.000000,1555200,0.144593,224870,
https://i0.hdslb.com/bfs/album/c12cbf72d64d182c12d6444e8a8a4458c6d7d473.jpg,0.308351,2527200,0.009847,24885,立即播放评论详情Jesssse12-28笑死了原神哈哈哈哈Jesssse12-28原神都能玩而且还100小时的，和u一样都挺可怜的森仔爱吃瓜LVS12-28回复@Jesssse:来了，总有人想比别人优查看对话森仔爱吃瓜LVS12-28回复 @小怪受419:怎么会，我1650ti最高画质没掉过帧啊？查看对话小怪受41912-28发条友善的评论
https://i0.hdslb.com/bfs/album/30a0f49c3424567704a05a150d19c364826c0c04.jpg,0.000000,2073600,0.049719,103096,
https://i0.hdslb.com/bfs/album/d8a932e71c28b8d132dfe6046fa3d601a2f51f07.jpg,0.000000,8699840,0.009365,81473,
http://i0.hdslb.com/bfs/aionecitycover/a7881d1d3818237031a10120687af0108b096776.jpg,0.000000,426240,0.333036,141953,
http://i1.hdslb.com/bfs/archive/b0671c21e5cae3957d0f07581c8db9209fcfd8cd.jpg,0.000000,2332800,0.087044,203056,
http://i2.hdslb.com/bfs/archive/d2b66d87e348a3d23ce200f8f2b9d46c28edca4a.jpg,0.000000,580328,0.156020,90542,
https://i0.hdslb.com/bfs/album/2e394aae1daf2187c11b5062c58086d9512d8920.png,0.000000,1640298,0.045017,73840,
http://i0.hdslb.com/bfs/aionecitycover/36c0ad27fa9ab44e80b556a4230b667a6789b3fd.jpg,0.083770,518400,0.031982,16579,中国电信贝咪咪基金注的元旦假期基金交易规则介绍来啦，请查收广发基金财富号》广发中证基建工程指数C 定投金额昨日收益持有收益464.461.6017.20重大提醒 元旦休市安排了解一下广发纳斯达克100指数C(QDI定投金额昨日收益持有收益1127.74+3.19+27.74广发双擎升级混合A 定投金额昨日收益持有收益6.428.35+135.83+428.35市场解读 这两年，选择当一位基民有多幸福...持有
http://i0.hdslb.com/bfs/archive/0b4ece8894a8fea2e39ac29eafcb3a00b903a926.jpg,0.000000,1581454,0.143529,226984,
https://i0.hdslb.com/bfs/album/26f5fc7d2f6e962785a8e7cbbb5a77cc6dcdceb4.png,0.000000,1228800,0.325939,400514,
https://i0.hdslb.com/bfs/album/4c9d2a1a319d80513088dd25dadde9ea7a86423a.png,0.000000,956880,0.006789,6496,
http://i0.hdslb.com/bfs/aionecitycover/4e0c3b8a7bf7f3ebb0930d712ea7859c202e2fa8.jpg,0.000000,691200,0.095773,66198,
http://i1.hdslb.com/bfs/archive/d0fdf5bc1086d2e8d02aded7b0e569e6f664c836.jpg,0.000000,230400,0.377285,86926,
http://i0.hdslb.com/bfs/aionecitycover/11e99c97cd65a93df4219bf2e290b72aff888a26.jpg,0.000000,691200,0.185915,128504,
http://i0.hdslb.com/bfs/archive/c4726078956913f7214c32c204198ddbc3260d60.jpg,0.000000,7464960,0.024114,180007,
http://i0.hdslb.com/bfs/archive/31e9e9415110852ca02e09b91201582c35f206e3.jpg,0.000000,786432,0.118121,92894,
https://i0.hdslb.com/bfs/album/619f279060b99f88f16359bf78501ded4f32dc7c.png,0.000000,2525040,0.071081,179481,
http://i0.hdslb.com/bfs/aionecitycover/50cf0763238a9871ed43b4cfe095579ee7a6fac6.jpg,0.000000,518400,0.067711,35101,
https://i0.hdslb.com/bfs/album/b17848298193aad25065d7db66e07f6ac386cbf5.png,0.086116,3086640,0.009561,29511,联系：（北京）赵先生13911325852 （上海） 张..此刻，是2020年的最后一天。在这个对生命有重新认知的特殊年未，我想做一个迟到太久的道歉。2006年法院判决我的小说《梦里花落知多少抄袭庄羽女士的小说 《圈里圈外》，法院当时做出了判决:1赔偿庄羽女士20万元：2在《中国青年报》上公开道歉，或者直接将判决书内容刊登在报纸上。当时的我无法面对自己的内心，于是在律师问我选择写道歉信还是刊登判决书的时候，年少轻狂的虚荣和抗拒让我选择了逃避道歉，以直接在报纸上刊登判决书来履行法律惩罚。当时自己一度很反抗，不肯承认在之后的所有场合，我都一直回避谈及抄袭事件，因为对我来说，它像一个无法愈合的伤口，我不敢斯时间过去了十五年，这个错误一直伴随着我，从我年少，到青年，到如今马上走向四十岁的人生中点。直以来我都会接收到老师们网友们的批评，所以，在今天，我选择面对自己过去的错误，面对我对庄羽女士造成的伤害，面对被我辜负的所有支持我和相信我的读者和合作伙伴，我欠所有人一个道歉。庄羽女士，对您造成的伤害，我关郑重道歉，非常对不起。我也要向公众道歉，向所有原创作者们，和中国来之不易的创作环境道歉，对不起，我做了非常不好的示范，请大家以我为戒，拒绝抄袭，尊重创作。在道歉的同时，我将把《梦里花落知多少》这本小说出版后获得的线上线下所有的版税以及全部收益汇总计算清楚之后，全部赔偿给庄羽女王。如果庄羽女王不愿意接受，我会把这笔钱捐给公益慈善机构，接受过去的十五年里，我一直对自己说，我要靠作品，靠努力，让自己获得成功，证明靠拼搏也可以改变人生。但是现在我明白，如果我一直迷避自己的过去，不肯承认和面对自己年少时候犯下的错误，我永远都再次对大家，说声抱歉，非常对不起。
https://i0.hdslb.com/bfs/album/658a495f46e55e43e556ea650a3c6effce0fe8d7.jpg,0.000000,2592000,0.069208,179385,
http://i0.hdslb.com/bfs/aionecitycover/17985b4ca6f292f60d7ee134ab380ac61c9f58b3.jpg,0.000000,518400,0.140610,72892,
http://i2.hdslb.com/bfs/archive/11bedef2a99817ae7f4ae5bb747d73b25cf42df2.jpg,0.000000,671328,0.177076,118875,
http://i1.hdslb.com/bfs/archive/90ad6262cb3e242437fc93ca8f12b248188acbb1.jpg,0.000000,858222,0.145444,124823,
http://i1.hdslb.com/bfs/archive/f8a81e07c2bb1ed079a349e1b26872b32ae92c54.jpg,0.000000,589824,0.100035,59002,
http://i0.hdslb.com/bfs/aionecitycover/ad531c2635c92759b42bba73505268a200d055cb.jpg,0.000000,518400,0.105749,54820,
https://i0.hdslb.com/bfs/album/28fe2e48901c043925b02d59d611d69f2410e95a.jpg,0.000000,950625,0.149359,141984,
https://i0.hdslb.com/bfs/album/bcfe098234d105d08c2a1eb1dd0fc7f4dd85d8f2.jpg,0.000000,7990272,0.065849,526154,
https://i0.hdslb.com/bfs/album/b61a067c7ca7672825c9165d3fd3f3ab38065d7b.jpg,0.000000,2592000,0.047066,121995,
https://i0.hdslb.com/bfs/album/c16a2a673f77bdabb278e72744d4d7e5af285936.jpg,0.000000,2527200,0.152730,385978,
http://i0.hdslb.com/bfs/archive/c16ea3d281f3dff48b1b8b57e03be1fbfc001870.jpg,0.000000,590004,0.140961,83167,
http://i0.hdslb.com/bfs/archive/a2f4ae3e8fe38d15621b68a980d65fc346d8e7c7.jpg,0.000000,1866240,0.212536,396643,
http://i2.hdslb.com/bfs/archive/2728bc2a3c7a836d90a728ce1e72ea1b6640c62c.jpg,0.000000,580328,0.195246,113306,
https://i0.hdslb.com/bfs/album/1c7a27e0f1588352399c31981d1321652b4a11bc.jpg,0.000000,1152000,0.091635,105564,
https://i0.hdslb.com/bfs/album/719a1765708fe74b90707b9772afd9288e932c60.jpg,0.000000,2073600,0.125586,260415,
http://i1.hdslb.com/bfs/archive/09137f6ee9fe30a6a1de4e5670fd8cd022805737.jpg,0.000000,1551375,0.022005,34137,
http://i0.hdslb.com/bfs/archive/0b7276be8c7cbf45345a383fe1efe784d9817459.jpg,0.000000,593920,0.046109,27384,
http://i2.hdslb.com/bfs/archive/f3386c5412b978c6a77567542edbb8338a8e7eb4.jpg,0.000000,6092192,0.039850,242771,
https://i0.hdslb.com/bfs/album/09f4a656f8cad495e87494c0025f1d06a1d67607.jpg,0.000000,2438932,0.085138,207646,
http://i0.hdslb.com/bfs/aionecitycover/ab200a32cb4c88fa1238735feaf9184af92e54ea.jpg,0.000000,460800,0.258714,119215,
https://i0.hdslb.com/bfs/album/9e0440fdf8cfac54a7cbf9a6fbbff9c1ed3ed5e9.jpg,0.000000,2592000,0.038489,99762,
https://i0.hdslb.com/bfs/album/6ac0cf2449176db16b144f821e4014a49f29f7e5.jpg,0.000000,1166400,0.041640,48568,
https://i0.hdslb.com/bfs/album/4db62cb002ddfbd88943b8c43b63bba62aee7d1b.png,0.000000,1150214,0.048432,55707,
https://i0.hdslb.com/bfs/album/67ca73862c12bbe755deb1053350b03726fff094.jpg,0.000000,736092,0.237856,175083,
http://i0.hdslb.com/bfs/archive/d54a7de8188462219f8794d88898a146ca9c8fcb.jpg,0.000000,1062760,0.025596,27202,
https://i0.hdslb.com/bfs/album/2d616eb96a391f61d56cef915e7c461bd42a5ea7.jpg,0.000000,991509,0.081078,80389,
http://i2.hdslb.com/bfs/archive/2d7bb4799adf05e3e19515c7bfd0031db8404c45.jpg,0.000000,590004,0.070978,41877,
http://i0.hdslb.com/bfs/aionecitycover/7a257cd722a64076cf2dce885b992d7770a18d05.jpg,0.000000,518400,0.077447,40148,
https://i0.hdslb.com/bfs/album/7f1eab1b357f90a8d2fcce121a292f2e4bd4d8db.png,0.000000,2073600,0.072966,151301,
https://i0.hdslb.com/bfs/album/ca10efb711db93dabea363ff05263f5159432d4e.jpg,0.000000,1195560,0.076842,91869,
http://i0.hdslb.com/bfs/aionecitycover/d909bc74ef916ddd728cf145250c93a50e9d13e7.jpg,0.000000,518400,0.083207,43134,
http://i0.hdslb.com/bfs/archive/7a025938c15dee8250a852c2800a3491ab3bc701.jpg,0.000000,1581454,0.039178,61957,
https://i0.hdslb.com/bfs/album/1edd01f5b917a0ebfe000cd896222c9985ec3e8b.jpg,0.000000,1555200,0.043306,67350,
https://i0.hdslb.com/bfs/album/9e1f319d0ebe76eb9f6f1dbbe5a801701ec85f26.jpg,0.000000,1047552,0.133297,139635,
http://i2.hdslb.com/bfs/archive/905397a2c4a9531e98f56a88b186c4e971b49bdd.jpg,0.000000,656640,0.051306,33689,
http://i2.hdslb.com/bfs/archive/63d162c02854314a07242cf175a7c1c21ce17657.jpg,0.000000,414720,0.278993,115703,
http://i2.hdslb.com/bfs/archive/0d7a215e6b67d235bf12db70aecadd94077e6cf0.jpg,0.000000,590004,0.033933,20020,
https://i0.hdslb.com/bfs/album/ad04cbf2dfcf5d5bb8b98ae00917a333c8b85b90.jpg,0.000000,2073600,0.329983,684253,
https://i0.hdslb.com/bfs/album/7f636a0c4e0882083f5604bb247816fd530f743c.jpg,0.000000,2527200,0.090541,228814,
https://i0.hdslb.com/bfs/album/04866778f213273d78cde546d663f9712859c429.jpg,0.000000,388128,0.376028,145946,
https://i0.hdslb.com/bfs/album/038ca02c4a6bb1082afc24fb8c1fb248585df588.jpg,0.000000,24000000,0.008615,206750,
https://i0.hdslb.com/bfs/album/60917b97d3eeefec9e3cc8bc175ac3030ed6d26c.jpg,0.000000,2073600,0.079148,164121,
http://i1.hdslb.com/bfs/archive/da2985dbc6c0758f19b91745c5f27afad81b4a7c.png,0.000000,86853,0.017661,1533,
http://i1.hdslb.com/bfs/archive/d47bd0de6fac4a0bbd638f5018f7c9e1c532033d.jpg,0.000000,589824,0.070445,41549,
http://i1.hdslb.com/bfs/archive/05e8791091ae80f7c2408a03d0c12ea8ec60df40.jpg,0.000000,297821,0.319051,95020,
https://i0.hdslb.com/bfs/album/8aee8f4c653ae079a0026650dcc942b3ae7ec7c8.jpg,0.000000,625704,0.109952,68797,
https://i0.hdslb.com/bfs/album/6befd25b27b93c10acefeea0b6fdc956f3fb2f47.png,0.000000,1555200,0.258572,402131,
https://i0.hdslb.com/bfs/album/4ba57caf1c41ac4a88d6a50712e643246eeab953.jpg,0.000000,1608120,0.066111,106314,
https://i0.hdslb.com/bfs/album/dcabce8fa32b74fd3941fabebc1526d7166d75e6.jpg,0.000000,921600,0.293640,270618,
https://i0.hdslb.com/bfs/album/78fc0671355f6bd6ca1fe1f93c40b8409caaa9a7.jpg,0.000000,15925248,0.060718,966949,
http://i0.hdslb.com/bfs/aionecitycover/66fb4179f04cb3ec12a92a33812fe1e739e1d6e3.jpg,0.000000,522240,0.095124,49677,
http://i0.hdslb.com/bfs/aionecitycover/34bf1e93281d2f96b91cf22262f4850e14026803.jpg,0.000000,691200,0.085277,58943,
https://i0.hdslb.com/bfs/album/04ef516c2ca7dcdcd7793b9546d3947796907bdc.jpg,0.000000,921600,0.291958,269068,
https://i0.hdslb.com/bfs/album/a95ae55e79007b0ebd7fed8a9203d1311fb77b89.jpg,0.000000,474944,0.185104,87914,
https://i0.hdslb.com/bfs/album/c036163b899761da12ea743b8cb0f581b5952bac.jpg,0.583868,2527200,0.009700,24514,SONGL1STOF20202020年，你的个人年度歌单是：《繁心成海》庄心妍后援会《烟雨笑） SNG女团寄明月》 SING女团盏 SING女团《解梦》SNG女团《closing Headines》 TeryDevine-King（新装，许诗茵《万家灯火音阔诗听七朵组合《红昭愿 Live》赖美云许诗茵、特申《花枪 SING女团收藏歌单酷狗搜年报
http://i0.hdslb.com/bfs/aionecitycover/b41df4bd0aff4274d25f303744fe513a4da642b8.jpg,0.000000,522240,0.225416,117721,
http://i1.hdslb.com/bfs/archive/17fa8402f7de14338f97ae7c1663ed48cc5170db.jpg,0.000000,825700,0.119784,98906,
https://i0.hdslb.com/bfs/album/a1fafd3b98e24d6b317e7acf51ab1694bea44485.jpg,0.000000,1555200,0.095938,149203,
http://i0.hdslb.com/bfs/aionecitycover/283b2260fc5fa523e9cdd9a2dc787ecd789b8914.jpg,0.000000,522240,0.025210,13165,
http://i0.hdslb.com/bfs/aionecitycover/9f2666f6927cf7d5d6a7ea7586ec72b1f8760431.jpg,0.000000,691200,0.112352,77657,
http://i1.hdslb.com/bfs/archive/2bcf42c982629ac8fd61d2737f8d470fc15dda0c.jpg,0.000000,580328,0.199859,115983,
http://i0.hdslb.com/bfs/aionecitycover/3d6b5e775e6334e11952f25fb78ab8f97bb0915e.jpg,0.000000,518400,0.129630,67200,
http://i0.hdslb.com/bfs/aionecitycover/3f139e834c95a61ce4330e5d59bab6827fc2c35a.jpg,0.000000,691200,0.120633,83381,
https://i0.hdslb.com/bfs/album/0a480660dfc2382bbdf538b168808f9502499d40.jpg,0.000000,1814400,0.092497,167826,
http://i1.hdslb.com/bfs/archive/7463d62f6a6797ccf31aaac2fffeb90f662e4d66.jpg,0.000000,2073600,0.075230,155996,
https://i0.hdslb.com/bfs/album/4a0dad6cdc3fd7eb247e41f82986e307dc728fdf.png,0.000000,1555200,0.053497,83198,
http://i1.hdslb.com/bfs/archive/e10938c693a8d74efeb650da71239fe9f06a9112.jpg,0.000000,599760,0.174959,104933,
https://i0.hdslb.com/bfs/album/4418db5b9b085009a90a6d38e11d52d63ed8b232.png,0.000000,1152000,0.257023,296090,
https://i0.hdslb.com/bfs/album/94ea11a4820cbadf4eec37527e6999cb6e446cd9.jpg,0.000000,451764,0.062219,28108,
http://i0.hdslb.com/bfs/aionecitycover/4323ec82603edb8b11b67297c5df6ba6fcbb7b4d.jpg,0.000000,518400,0.068441,35479,
https://i0.hdslb.com/bfs/active/3380e8ed2336126861547d06e55d1189c5c6ea3a.png,0.000000,423500,0.065005,27529,
https://i0.hdslb.com/bfs/album/7f38a121b4eb86a3aaec88216cb3b0154875ee02.jpg,0.000000,35448,0.705732,25016,
http://i0.hdslb.com/bfs/archive/0c05b81c9d70f022123a8947363dbddb0ca687fd.jpg,0.000000,253924,0.387942,98507,
http://i0.hdslb.com/bfs/aionecitycover/8fff129d02fbc67af9ff85fb746228cf97769b9f.jpg,0.000000,518400,0.419298,217364,
http://i0.hdslb.com/bfs/archive/ac939cfc18197b1cc37f49d8eaed7644ee404b22.jpg,0.000000,1581454,0.035705,56465,
https://i0.hdslb.com/bfs/album/9fdb72daf3e2d2837935c1712545a69836755ca8.jpg,0.000000,2332800,0.137977,321873,
http://i0.hdslb.com/bfs/aionecitycover/22ff9707a7ca0e8421bb4ae1e85b9c1d818edb07.jpg,0.000000,691200,0.261235,180565,
http://i2.hdslb.com/bfs/archive/64b1cd1b02d9d6b19d38ea83a518bb38d2a65568.jpg,0.000000,1866240,0.060998,113836,
https://i0.hdslb.com/bfs/album/1076edc41a0412468035dc555262d8980ba3dcb1.jpg,0.000000,583200,0.125032,72918,
http://i0.hdslb.com/bfs/aionecitycover/d80e19940f1abbcb151264afd4ed9327652b1b68.jpg,0.000000,437760,0.046636,20415,
http://i2.hdslb.com/bfs/archive/4c193a9d99c76a9a0f5b0f468d827b317c46e890.jpg,0.000000,477204,0.115844,55281,
https://i0.hdslb.com/bfs/album/dc8598ac4f4e3f80f5195c8af6df66c8395d3a54.jpg,0.000000,2073600,0.064271,133271,
http://i0.hdslb.com/bfs/aionecitycover/9448e93c7bb26414f4fe75686af348c14427da7e.jpg,0.000000,691200,0.128884,89084,
http://i0.hdslb.com/bfs/archive/e7a11a8ac663293a18eaee7100e75968b26aa3ec.jpg,0.000000,590004,0.332510,196182,
http://i0.hdslb.com/bfs/archive/fe47417901ff2aba504e6f47739711f21cc790d6.jpg,0.000000,589824,0.076068,44866,
https://i0.hdslb.com/bfs/album/95f66355c00292afcd33baf65b636e1ae20d84cb.png,0.176656,1721520,0.052320,90070,少一些用力多一些任性你我都有归期取胜不是这游戏的目的无心插柳柳成荫才是美丽有哪种美好会来自于刻意这一生波澜壮阔或是不惊都没问题只愿你能句够拥抱那种美丽晓航老师
http://i2.hdslb.com/bfs/archive/f195418d6c232dabf7c43fddbed0b138ece99c84.jpg,0.000000,1866240,0.131506,245421,
https://i0.hdslb.com/bfs/album/05838140651e543e2ab3d19a6173a61bf541e170.jpg,0.000000,134400,0.110959,14912,
https://i0.hdslb.com/bfs/album/3f3289ab860c47167e5c2f8fe0f88b5080ce45a7.jpg,0.000000,1811716,0.042690,77341,
http://i0.hdslb.com/bfs/archive/16bb8723065950ab19f01314c95d67721f37ad2f.jpg,0.000000,588800,0.267402,157446,
http://i0.hdslb.com/bfs/aionecitycover/b71994803e3416adc8eb3913a67f15c76f3babe2.jpg,0.000000,691200,0.170596,117915,
http://i0.hdslb.com/bfs/archive/a5733963687e34ddaa891f554ffddab8431e0ce8.jpg,0.000000,2073600,0.023665,49071,
http://i2.hdslb.com/bfs/archive/81fc3674061f097e25026a7e8acf9c0ea04326dc.jpg,0.000000,414720,0.129639,53763,
http://i2.hdslb.com/bfs/archive/7f3170a3ef43a55c754756d9d91301e432cca504.jpg,0.000000,2073600,0.057920,120103,
https://i0.hdslb.com/bfs/album/43cfe217d8ebf3f166104bc0b9f1c720f33aef68.jpg,0.000000,1483776,0.051336,76170,
https://i0.hdslb.com/bfs/album/5e4008db9018bc225333591f8095f283dd43b76e.jpg,0.401905,708480,0.002747,1946,数据中心中午12点更新昨日数据粉丝视频播放专栏阅读30140391173241弹幕评论点赞5375513441
http://i1.hdslb.com/bfs/archive/da45802568070e9cd870cd1f3e1fdcb21967c2c5.jpg,0.848985,1551375,0.000397,615,蜈支洲岛一一观日岩
http://i1.hdslb.com/bfs/archive/7df95099b8da6839f943caca6ab6a082576a7f52.jpg,0.000000,589824,0.101062,59608,
https://i0.hdslb.com/bfs/album/c08c92d3c44027628a5d5068c3a61aa2923ff026.jpg,0.000000,2480760,0.029139,72285,
https://i0.hdslb.com/bfs/album/1e72fcb99c9e5c716312de8876dc383396ced362.png,0.101322,1232280,0.071203,87742,LYNXAsCRACK@Exia04901011回覆給@ArknightsENglobalserverbut stil chinese翻譯推文0/6SKP阿米娅也会辅助你们，你们要加紧学习敌人的战斗方式。 都打起精神来！UNTLI上午5:58:31/1212020.Twiter for Android
http://i0.hdslb.com/bfs/archive/d800237d7fa0e5dbfa5afb3ac85c4815d3a49eb9.jpg,0.000000,7464960,0.059499,444160,
http://i1.hdslb.com/bfs/archive/ea476d2482d7779365fde62d3004fd1f7026a9fa.jpg,0.000000,235520,0.166241,39153,
http://i2.hdslb.com/bfs/archive/d2301fe317eacb96a070f7718e28229a5f878b62.jpg,0.000000,639584,0.128169,81975,
https://i0.hdslb.com/bfs/album/39e31424640ea2f721454501e05641a9d5d03b8f.jpg,0.000000,157000,0.135936,21341,
https://i0.hdslb.com/bfs/album/ed25700174ad1a37e5f895abe8c2911ff2764294.jpg,0.296296,2332800,0.010493,24478,太原-19℃2℃1-21℃晴 空气良中国气象上次更新时间：08:3409:0010:0011:0012:0013:001420C19℃14℃9℃7℃512月30日昨天10℃/1-21℃12月31日今天2℃1-21℃1月1日明天2℃/-18℃
https://i0.hdslb.com/bfs/album/80ee688a56af0a8dfda4f0f4fc1f86baddff5545.jpg,0.000000,1431000,0.124946,178798,
http://i2.hdslb.com/bfs/archive/6d82169708235b137b2a74e7e88263afd8b63c0c.jpg,0.000000,829440,0.137515,114060,
https://i0.hdslb.com/bfs/album/d1b4b0ead92aca8871b0474359fa38d3ca9f1f54.jpg,0.888651,2527200,0.001145,2893,敬请期待
https://i0.hdslb.com/bfs/album/f8ad3c613bfb89e0fe0274930b9fa9e7783a4006.png,0.000000,1093484,0.449690,491729,
http://i1.hdslb.com/bfs/archive/9a918d33df51915d699e594deacbd1fd7f34bb95.jpg,0.000000,590004,0.344617,203325,
http://i0.hdslb.com/bfs/aionecitycover/4698031ce526974ce675a79b045a6f99b237a73c.jpg,0.000000,518400,0.032983,17098,
http://i2.hdslb.com/bfs/archive/ec2d704d71427c3d09d6b0f536e2e94166b3a119.jpg,0.000000,2386566,0.057699,137702,
http://i0.hdslb.com/bfs/aionecitycover/7283b82498d31ec91461ec4e54c676dfcf7a59db.jpg,0.000000,518400,0.259494,134521,
https://i0.hdslb.com/bfs/album/b32454617d1ee251df60cf6002770148790fb57d.jpg,0.000000,23452,0.376724,8834,
https://i0.hdslb.com/bfs/album/8437c837b040f03b7384d939024a186dafc30b9d.jpg,0.000000,203632,0.165550,33711,
https://i0.hdslb.com/bfs/album/91cd44fcbfa02740fe1f1706fd0fe58515df0974.jpg,0.253644,1866240,0.000214,399,2020年12月27日晚上7:47吉林u 814语言学综合第一题名词解释区别特征 语法范 切韵 本义和引中义 语境造字法寸是什么字页 与什么有关本音本义叫如字，变音变义叫什么都城过百色的都城写雾出橘的写因为诬上的因为游宦区区的底使用最多的方言元音辅音根本区别声调是由什么决定一个音位最多有几个音素汉字是什么字举了四个带"别"的词，说这四个别是什么关系下列哪个是动宾选一个句子与上文衔接 很简单聚合关系与组合关系第四题简答 每个十分语言替换的过程你认为“轻声”是第五个声调吗1.层次分析法分析歧义两个师大的学生热爱人民的总理他们都考上大学了，怎么怎么的你都来了，就留下来吃饭吧他都考上大学了，你们怎么怎么的我们都回家了（原句肯定不是这个但结构一样的）现在都2020年了，怎么还这么怎么怎么的
https://i0.hdslb.com/bfs/album/3f7503a31d05878496028eefdd0ce10e1da87b25.jpg,0.000000,2527200,0.062477,157892,
http://i0.hdslb.com/bfs/aionecitycover/d7df3cde8fcd6134b4a04cc203f26a146ae8d57b.jpg,0.000000,518400,0.150795,78171,
https://i0.hdslb.com/bfs/album/254269cfebaa8b13118deb583380543771453e40.jpg,0.000000,455400,0.438272,199588,
http://i0.hdslb.com/bfs/aionecitycover/aa29d2ad878b970248bf33a7c0a76283ff98b004.jpg,0.000000,518400,0.195879,101543,
http://i1.hdslb.com/bfs/archive/c21e4ecaebb9f2c5b9b0aa55e6b15dff05440614.jpg,0.000000,729000,0.247244,180240,
https://i0.hdslb.com/bfs/album/a4f687743a706fec91850ecb7519f06420217cce.png,0.000000,2073600,0.093278,193420,
https://i0.hdslb.com/bfs/album/b3e66ca0c14b9414d08c7d691db6c2462aae7d8f.jpg,0.000000,10698064,0.018645,199465,
https://i0.hdslb.com/bfs/album/fc3affbd0a1f37edb26029a664008312864c5a4a.png,0.000000,689142,0.032260,22231,
http://i1.hdslb.com/bfs/archive/702a1042663bffc6be386337cbf29ef823581e9d.jpg,0.000000,1866240,0.024201,45164,
https://i0.hdslb.com/bfs/album/820ea5b866f7202b9f6fd470784128b2946f65ec.png,0.000000,1166400,0.405224,472653,
https://i0.hdslb.com/bfs/album/3a641ab5046b0f2da08c1fe46a3e2c94f473dc59.jpg,0.000000,1152000,0.146522,168793,
https://i0.hdslb.com/bfs/album/d3a12feffa74357be2d21922549e00f96db8977b.jpg,0.043750,2592000,0.078502,203476,12月31日周四 再见，2020视频：99次我爱她欧阳娜娜带给你满满元气！成为男神”，帅只是一方面，关键是.+壁纸美女/2
https://i0.hdslb.com/bfs/album/e7663aa8c6bdd8e03fcc7583bdbfe13f3e543916.jpg,0.000000,2915,0.130952,381,
http://i2.hdslb.com/bfs/archive/0802f3fb388142f5a0e31f5255f28d798fe09101.jpg,0.000000,1551375,0.151104,234418,
https://i0.hdslb.com/bfs/album/ad2d04c19cf0ac0a7659f2950c7ec88126105449.png,0.000000,770000,0.201717,155321,
http://i0.hdslb.com/bfs/archive/d4cef3daaafa3118d3d6b182cac043041d912b1d.png,0.000000,589824,0.017743,10465,
https://i0.hdslb.com/bfs/album/1c4695950f9ff5211e6940041dd65d9a0839a2ac.jpg,0.000000,1789560,0.126555,226478,
https://i0.hdslb.com/bfs/album/d2af83ad6f0830fe5354ddb5aadabdfd3b45b1a9.jpg,0.000000,874800,0.075235,65815,
http://i0.hdslb.com/bfs/archive/fb8f19aea6f389745f118778d54e9cf126ee9861.jpg,0.000000,691200,0.063210,43690,
https://i0.hdslb.com/bfs/album/0b4e17c336fcee3e18ae84781efd2ff789a43d6f.jpg,0.000000,1555200,0.089989,139951,
https://i0.hdslb.com/bfs/album/0842a16762ed59d16ae0ca692f4913e2e94e27d0.jpg,0.000000,1122768,0.014202,15945,
https://i0.hdslb.com/bfs/album/7ca15fdf408bef54821d442ab33a33e9531ec65d.png,0.000000,1024000,0.142424,145842,
http://i2.hdslb.com/bfs/archive/95960f5eb8b4c1126490bf0683e30864b2359a49.jpg,0.000000,580328,0.092474,53665,
https://i0.hdslb.com/bfs/album/ff8da618d4e3b8104c40f0fa5be82d8b5b2e1cd2.jpg,0.000000,307200,0.272446,83695,
http://i0.hdslb.com/bfs/archive/9a4b640642f234f0f7d7f83f097263d9e3dbfb4d.jpg,0.000000,542424,0.058399,31677,
https://i0.hdslb.com/bfs/album/0fc14e3bdde47843d9d4317cd921ce2b41a27990.jpg,0.000000,2445120,0.130240,318452,
http://i0.hdslb.com/bfs/aionecitycover/ccf5390430904e7feb499dc4f1d5e59127b75c9f.jpg,0.000000,529920,0.359712,190618,
https://i0.hdslb.com/bfs/album/03a7a8f4b1bc5f8df98c9c79a3d06a9ce42708b9.jpg,0.225329,2462400,0.041035,101043,7人1S31T8OXV9去年爱听流行的你，今年改听古风了古风中国风流行88824816气质拿捏的死死的不愧是我内定的国潮推荐官国潮推荐官奖AWARDS上酷狗搜年报
https://i0.hdslb.com/bfs/album/b8aab801de39fbddd673662eb2a327485b7513fc.jpg,0.000000,2501280,0.003195,7991,
https://i0.hdslb.com/bfs/album/6f48e7b8c6c966a7ca988bfba7920f137c2e0e0d.png,0.000000,1555200,0.125149,194631,
http://i2.hdslb.com/bfs/archive/d2003172e26ab6bd5eddc8b91e93fa3849132da6.jpg,0.000000,566440,0.167493,94874,
https://i0.hdslb.com/bfs/album/2cf50a14385725e93629a0bb0505d7a3e486d44a.jpg,0.000000,2462400,0.054165,133375,
http://i0.hdslb.com/bfs/archive/d06e08ee204e7e3cfac9ca114c113e03c0b91be8.jpg,0.000000,6208257,0.036508,226650,
https://i0.hdslb.com/bfs/album/c8f724c3a4f6f1e011e9a1915192c73e9392e36e.jpg,0.000000,2592000,0.052948,137242,
https://i0.hdslb.com/bfs/album/6a192ad652bda0a7d1a7feb891f569782d885c90.jpg,0.000000,2073600,0.101226,209901,
http://i0.hdslb.com/bfs/archive/bcb84a19cafc05ddc33ae53967f1eb6369d63981.jpg,0.235294,580328,0.000690,400,所有的节日都不是为了礼物而是提醒大家不要忘了爱与被爱
https://i0.hdslb.com/bfs/album/0ce55636beb3edd4d19d23a79a282a696e74d3c1.jpg,0.000000,2527200,0.063813,161267,
http://i0.hdslb.com/bfs/archive/4cce786190cff3f68323f042c412ffe71360d674.jpg,0.000000,1581454,0.111703,176653,
https://i0.hdslb.com/bfs/album/4ce5c0b8450c83c9f53c40d125853404ad997a26.jpg,0.000000,2527200,0.039388,99540,
http://i0.hdslb.com/bfs/archive/0f52d19ff877f1e30f1bb09e84f15a3bd1c301c8.jpg,0.000000,455502,0.107261,48857,
http://i1.hdslb.com/bfs/archive/6ea92d9e71a80ce770d47746ed071c14dc4dd4fc.jpg,0.000000,786432,0.205579,161673,
https://i0.hdslb.com/bfs/album/af0253c565adfe4386bd4c65feb2c9c76f243602.jpg,0.374732,2527200,0.002519,6365,所有运动日周月总12/2712/2812/2912/130今天12月31日，运动时长分钟33完成（次）消耗（仟卡）180运动184步零基础翘臀训练·大越越moon 第2次00:15:48090y下肢运动能力初级第1次00:14:56082y下肢热身激活 第4次00:02:180 8o
http://i1.hdslb.com/bfs/archive/7fa4467516535e1fe14f258a247e1c57c06923ef.jpg,0.000000,589824,0.052585,31015,
https://i0.hdslb.com/bfs/album/5219289c07fa69f0be993cccd01ddbffb0bd1968.jpg,0.000000,2509920,0.116193,291636,
http://i1.hdslb.com/bfs/archive/9a109f29b8e20648e7f988f5b8f9ff7113c7cff4.jpg,0.000000,921600,0.284785,262457,
https://i0.hdslb.com/bfs/album/ff9172acabeeb399549da54bb65b35b66a5b8b9a.jpg,0.553307,1734480,0.001852,3212,12月2020年旦日程302+八10111213171820212223242526平安夜圣诞书272830312休+四今天农历十一月（冬月十七
https://i0.hdslb.com/bfs/album/328a111b7a2666662ed91a09ff946bda32a0907b.jpg,0.000000,777504,0.319081,248087,
https://i0.hdslb.com/bfs/album/f5450c8a961b2db4caa469bdf8020f2e8fb9d7dd.jpg,0.000000,93107,0.275442,25645,
https://i0.hdslb.com/bfs/album/f15046078d0e5d83b505a645215fedb38c7dfe24.jpg,0.000000,861000,0.133806,115207,
http://i0.hdslb.com/bfs/aionecitycover/fd65200297b5adb6b33d5eebef085a133bc1471c.jpg,0.000000,802560,0.153387,123102,
https://i0.hdslb.com/bfs/album/019c89f20d24dda4cee7ee07da6301b266bc4f9c.png,0.000000,1279680,0.006231,7973,
https://i0.hdslb.com/bfs/album/5ae9e9543dbd1db298aa0db2692bb8d7979629bb.png,0.000000,1000500,0.120369,120428,
https://i0.hdslb.com/bfs/album/f326425b9ad80be649251541d4e66b423599d1d7.jpg,0.000000,1002001,0.205188,205598,
https://i0.hdslb.com/bfs/album/2983dd0ff081a80637a22130bf4e8d5625b0ee08.jpg,0.000000,515124,0.023661,12188,
http://i0.hdslb.com/bfs/aionecitycover/67fa4b1e9055048f501d73d4b9a7c3d5584d283b.jpg,0.000000,518400,0.082101,42560,
http://i1.hdslb.com/bfs/archive/91434d83df15170f737ed419544b818a0f2c378e.jpg,0.000000,1545276,0.026616,41129,
http://i1.hdslb.com/bfs/archive/8b7abbe49bf1afa9a80120fdd7a43fa32452032c.jpg,0.000000,659976,0.088660,58513,
http://i0.hdslb.com/bfs/aionecitycover/d132433a496884ed89f9e48c09b9831c307b1d99.jpg,0.000000,518400,0.078029,40450,
http://i1.hdslb.com/bfs/archive/b5b199df537c251da9fc5c428513cb424a130251.jpg,0.000000,580328,0.039951,23184,
https://i0.hdslb.com/bfs/album/f03dee37fa04773443c1c8ad1445530bcdb2ac56.jpg,0.000000,1555200,0.051595,80240,
https://i0.hdslb.com/bfs/album/037081c1386450d133eccfeec3c7ef88373b50d8.jpg,0.000000,958500,0.174241,167009,
http://i0.hdslb.com/bfs/aionecitycover/ab509dcc8bcfde91be9de48c1440315bff295b2d.jpg,0.000000,460800,0.056959,26246,
http://i0.hdslb.com/bfs/archive/0c734256bfcc90a665b587ed8058fb4dd826de2f.jpg,0.000000,795240,0.094272,74968,
https://i0.hdslb.com/bfs/album/d6a4c6b3e95e1fcf0c4fb6515ee5ac8e9d80c7a3.png,0.000000,1483776,0.058284,86479,
https://i0.hdslb.com/bfs/album/b40ffcbb1aac785c7f1e4a89034bc7b23dd2d8a2.png,0.000000,525000,0.235274,123518,
https://i0.hdslb.com/bfs/album/c97f8ca2996c7da2d8dc8dc68d3a2c2611442b28.jpg,0.000000,2359296,0.098048,231325,
http://i1.hdslb.com/bfs/archive/28e421ac16b32c2b3a52e394a8275cfbc6f99cbb.jpg,0.000000,7464960,0.163961,1223959,
https://i0.hdslb.com/bfs/album/5db9f72003a9ff64ebe821f5d009b5915a69e7e5.jpg,0.000000,564000,0.072127,40679,
http://i1.hdslb.com/bfs/archive/31d12e33fa66a4e578165f2437fbc7e859ba5461.jpg,0.000000,590004,0.208558,123049,
http://i1.hdslb.com/bfs/archive/21637aeae36ee3fb23e4c43453eba9589208ab9c.jpg,0.000000,707560,0.061056,43200,
https://i0.hdslb.com/bfs/album/8e5d45cd77e0e56ac2d8e3f01571e007e929ff77.jpg,0.000000,4734720,0.004921,23301,
https://i0.hdslb.com/bfs/album/29c539a1b037341e28144e0bac005cd3e3a783ea.jpg,0.533654,2527200,0.000642,1621,每日计划日未分类今天半夜11:10学习计划：360 12听力跟读听一早V练字 早V宪法1上午定竞赛论文方向v手机长难句v生活计划：大挑报名打扫卫生v8-9健身房肩v定健身计划平庸的努力一个月不如猛地学两天。那如果一直努力下去呢。09:59分享收藏删除打印
http://i0.hdslb.com/bfs/aionecitycover/f1734a69e9a7dbb7350668916e15a28a8472f9f2.jpg,0.000000,518400,0.178795,92687,
https://i0.hdslb.com/bfs/album/15b61e4b5d69a7165ba82a7cafd69f71170e42b1.jpg,0.000000,2081160,0.044285,92165,
https://i0.hdslb.com/bfs/album/fc2603cb2a2e12877f05f48d5e66349da008003c.jpg,0.000000,6400,0.583984,3737,
https://i0.hdslb.com/bfs/album/881e83379b48b6db47bdb2b2effed2c9add68314.jpg,0.349609,2073600,0.062392,129376,重新播放简介评论246点我发弹幕Bison仓鼠仓+关注21.1万粉丝音D9.0万=177BV1t5411G7BD不喜欢初音未来音游更多4个旋转吧！雪月FUFU！p Bison仓鼠仓025.5万日302【你永远不知道榜一是用什么手法打出来的1+十个世..513442壹笑倾城0210.7万日3443用锤子打锤子是什么感觉？迷心QAQ070.4万日2104
https://i0.hdslb.com/bfs/album/7186fba0b5bbb5b7695fc890ca82297659ba233a.jpg,0.000000,920880,0.050090,46126,
http://i2.hdslb.com/bfs/archive/2ccc3de1d5232244aa5fb778a43bf6fadcd0210a.jpg,0.000000,589824,0.042671,25168,
https://i0.hdslb.com/bfs/album/fa597637498a69008db54f9e4be7daac29260bd0.png,0.000000,1492560,0.083859,125164,
http://i1.hdslb.com/bfs/archive/7130a328fc7203ead95900cbb6293d6425a31621.jpg,0.000000,589824,0.142915,84294,
http://i0.hdslb.com/bfs/archive/e17e0cde7073db1f36f307a8092ea358a8ef072b.jpg,0.000000,590004,0.037977,22406,
https://i0.hdslb.com/bfs/album/71ce7242af61b1e1d9160f154e60e70c6b21bdb4.jpg,0.000000,272853,0.246305,67205,
http://i0.hdslb.com/bfs/aionecitycover/58c2772145ae6e683e0f46776e709e5d3b16778e.jpg,0.000000,518400,0.233010,120792,
http://i1.hdslb.com/bfs/archive/782e4db19febac45de04d9687163a15ba12201ac.jpg,0.000000,590004,0.157777,93088,
https://i0.hdslb.com/bfs/album/33aaee7a08f887fd178d7653c90a4b1cd69ef065.jpg,0.000000,7200000,0.133386,960381,
http://i2.hdslb.com/bfs/archive/3232f462c70b04ca4fb464a622e2d8ee40b081fc.jpg,0.000000,409440,0.152749,62541,
http://i2.hdslb.com/bfs/archive/05718327a7ded701ee683a765e0447afdb2277e9.jpg,0.000000,1555200,0.043912,68292,
http://i0.hdslb.com/bfs/archive/7c86bd39690a207118d131998b8bf056cbb44e60.jpg,0.000000,1866240,0.064183,119780,
http://i0.hdslb.com/bfs/aionecitycover/9253d0b3415b9bded0021b68a881c8d10fed8a25.jpg,0.000000,518400,0.295790,153337,
http://i1.hdslb.com/bfs/archive/5f754501d3201ceee112918e93e76b7f4ee0d380.jpg,0.000000,589824,0.195789,115481,
http://i0.hdslb.com/bfs/archive/4dbb084ed568a2168ba4adb9368488c8b1680a09.jpg,0.000000,257442,0.622624,160289,
https://i0.hdslb.com/bfs/album/6fc0e0c620c32908a1f0f478c061976ea1edd750.jpg,0.000000,7990272,0.016922,135211,
https://i0.hdslb.com/bfs/album/d6180c8e1c410d6a9c8f9b3c57c526ba800a027c.png,0.000000,2073600,0.250638,519723,
https://i0.hdslb.com/bfs/album/ade922b2ef70eb596ffb7777c336f7b48e9b9a4a.jpg,0.000000,1555200,0.183579,285501,
http://i0.hdslb.com/bfs/archive/8debc7b44520e7bdb5ef7a5b0fcd2ba52cd722a5.jpg,0.000000,1716652,0.062014,106456,
https://i0.hdslb.com/bfs/album/fabe332c021e372492e2e818205835e7ce92a1a7.jpg,0.000000,1555200,0.105380,163887,
http://i1.hdslb.com/bfs/archive/c348d0b8e2e8a01776f472aadefc6b9adb326ac3.jpg,0.000000,1597401,0.079886,127609,
https://i0.hdslb.com/bfs/album/ff4a332ea91a71c7b7d22fccfcbe28cf38223b14.jpg,0.000000,7224480,0.081184,586514,
https://i0.hdslb.com/bfs/album/91580ed267a4113552df9cb86b706c4c2eca3ce0.jpg,0.000000,1866240,0.085492,159547,
https://i0.hdslb.com/bfs/album/bab15a08b13e48473e9eb331798c40dc59630274.png,0.251613,2526120,0.015948,40287,清纯大四女学生在线热聊（7）就这么定了时长最少的不最后一个下播我改名这赌的给另外三个上提督可太狠了叫我是姜少和的孙女哈哈哈哈哈哈哈哈好吧
https://i0.hdslb.com/bfs/album/3b7f45a254a8d63beccb82548a7e71eaa779b8da.png,0.000000,1775250,0.103375,183515,
https://i0.hdslb.com/bfs/album/746b6d93b07aff70c09a55b1b892c5a4c71284d3.jpg,0.000000,1048576,0.173053,181458,
http://i1.hdslb.com/bfs/archive/4edda13f3d266e14ea28364a90998e61768d5591.jpg,0.000000,1864080,0.166568,310495,
http://i0.hdslb.com/bfs/archive/b92c1fef76d9eaa9453778a756103e6c5bfb4cee.jpg,0.000000,921600,0.140754,129718,
http://i1.hdslb.com/bfs/archive/b1fc80218dad6d37afb4afcc3cb85eeebe0b470a.jpg,0.000000,921600,0.054133,49889,
https://i0.hdslb.com/bfs/album/c227e4365b8c2a9583d41853b45773be5d4a351e.jpg,0.087558,7102464,0.092432,656498,
https://i0.hdslb.com/bfs/album/b0ad516cff4670470a3cb79f16717bccb28f8049.jpg,0.000000,1146960,0.035280,40464,
http://i1.hdslb.com/bfs/archive/d751b66930ab5ade953a88aebd06f4096527df10.jpg,0.000000,589824,0.188770,111341,
http://i0.hdslb.com/bfs/archive/8ffe1670b6448477f0a34000fcfb90f2e4158514.jpg,0.000000,2073600,0.119545,247887,
https://i0.hdslb.com/bfs/album/040b7a94bbe342e0f76cb4ea25024656e5273ae7.png,0.000000,2073600,0.180242,373750,
http://i2.hdslb.com/bfs/archive/ad582dcc36881c6df32500cda06ae84bad8efe92.jpg,0.000000,589824,0.019711,11625,
https://i0.hdslb.com/bfs/album/8a3ebbb601e7a97be3c83faedf8453517041ee45.jpg,0.000000,1166400,0.061222,71409,
http://i0.hdslb.com/bfs/archive/722ff67048cdeecdd13880a4efa133a3bb446ac1.jpg,0.000000,524288,0.325219,170508,
http://i0.hdslb.com/bfs/aionecitycover/05e593d0df399d4cca71fa7b565d85c60558c233.jpg,0.000000,691200,0.168762,116648,
http://i2.hdslb.com/bfs/archive/83391d33ee0f0c50572bcc07cddf179842423dbc.jpg,0.000000,590004,0.231014,136299,
http://i1.hdslb.com/bfs/archive/768a47d7464d0e70a6566b8e465d301936b655d4.jpg,0.000000,590004,0.199061,117447,
http://i1.hdslb.com/bfs/archive/d04fe63366474b1b6081f4d03e7d87bb03b99daa.jpg,0.000000,1024000,0.132870,136059,
https://i0.hdslb.com/bfs/album/adb582c1798f273aa7a711ad9040356d910cecde.jpg,0.000000,1098828,0.170616,187477,
https://i0.hdslb.com/bfs/album/6187f3ba8c7946edd2ff2ea6497c3c6c28595230.png,0.488172,2525040,0.013330,33657,今天6781298推荐预算1974早餐建议533-652千卡437千卡牛肉242千卡214克正红黑椒酱50千卡61克番茄48千卡1.5个大）鸡蛋86于卡1只（大）牦油11千卡10克晚餐建议533-652千卡241千卡自制番茄酱生菜三明治191午卡90克+早餐+晚餐+加餐
http://i0.hdslb.com/bfs/aionecitycover/599fcdd235944bdfacd9cb10181976d923d0eb6b.jpg,0.000000,414720,0.183707,76186,
https://i0.hdslb.com/bfs/album/10c9f008c1491f8e897560ae21eb01012a0e700c.jpg,0.000000,37422,0.253269,9477,
https://i0.hdslb.com/bfs/album/936cd58aceba1fb8508d0ee2935bb730c144f296.jpg,0.000000,1166400,0.143812,167742,
https://i0.hdslb.com/bfs/album/ca3827251f4c22f26602512035d72820bf1702f3.jpg,0.243750,2592000,0.041013,106306,13132粉丝关注获赞移除黑名单硕高置-胖宅UE成都十年老店直播装机收起UD:1968474363主页动态硕高置-胖宅12小时前分享动态硕置高-胖宅的投稿款主流显卡2077性能测试031517视看7弹幕2060最高画质2060 最高画质 10804款显卡在赛博朋克2077中的表现1650，1060166.8必剪年未瓜分百万双旦翻倍赛博朋克2077由转发评论
http://i0.hdslb.com/bfs/aionecitycover/71933d2d11b67e119466803e6200550fece505e9.jpg,0.000000,691200,0.093332,64510,
http://i1.hdslb.com/bfs/archive/f4bbaa068dc661419fd49b8a236e75b5fc935fbb.jpg,0.000000,2073600,0.028665,59440,
https://i0.hdslb.com/bfs/album/b63f55ca6d45319866d30ed4fa028a308cbf2836.jpg,0.000000,1555200,0.069062,107404,
https://i0.hdslb.com/bfs/album/0d888fa67e852a47ba327913c9e81eda38f54291.jpg,0.000000,1995980,0.053578,106940,
https://i0.hdslb.com/bfs/album/678a4f6ef48a6c0ad52aea894b76d93d13f49af3.gif,-1,-1,-1,-1,
http://i0.hdslb.com/bfs/aionecitycover/cb6dcc1440f1ae9cc0bcd4faabe612f6183b0f74.jpg,0.000000,518400,0.091752,47564,
http://i0.hdslb.com/bfs/archive/91b9abc2cef33789b5e3c1fa111e1e29b34d77bf.jpg,0.000000,580328,0.158573,92024,
http://i0.hdslb.com/bfs/aionecitycover/405f56e9f89b8e77016f17a6c8e0d29c98adba5a.jpg,0.000000,518400,0.222888,115545,
http://i1.hdslb.com/bfs/archive/1e723fa831dfe1a12362f2d34eb5f394d18885a3.jpg,0.000000,580328,0.197559,114649,
https://i0.hdslb.com/bfs/album/02fad5329f9ce021e07f8e4afa42791ca29fb02a.png,0.000000,2073600,0.035204,72998,
http://i0.hdslb.com/bfs/aionecitycover/cdfcecae7fa06505efda0f635d6b053b5d44cc8f.jpg,0.000000,518400,0.094356,48914,
http://i1.hdslb.com/bfs/archive/19617045c5effa45efbdb357de8005a74d2c0a9e.jpg,0.000000,2073600,0.183331,380154,
http://i1.hdslb.com/bfs/archive/43009c3f48737e4930ccee57aa64488d8260cfa4.jpg,0.000000,1597401,0.021373,34141,
https://i0.hdslb.com/bfs/album/d95c17d9241b3ef51afb6ac47de51e379c953c15.jpg,0.000000,1166400,0.035097,40937,
https://i0.hdslb.com/bfs/album/314a47f83c7d132deb42bd003a1b2d0074c42469.jpg,0.000000,2332800,0.004539,10587,
http://i0.hdslb.com/bfs/archive/040094b7fa70a1d65d2236832a00417664eb611a.jpg,0.000000,587820,0.090796,53371,
http://i1.hdslb.com/bfs/archive/a1133d7efa88d62d16b251c6f520f6976d2cb71b.jpg,0.000000,118048,0.473340,55876,
http://i0.hdslb.com/bfs/aionecitycover/9c538c5ba4908259f2469a2f6927546da6a4addd.jpg,0.000000,691200,0.110406,76312,
https://i0.hdslb.com/bfs/album/e065a1c480e2908e9d02d89825d25c2545ad78e1.jpg,0.000000,1555200,0.095868,149093,
https://i0.hdslb.com/bfs/album/efefa3acc017a1c766711000a0c9216879adb959.jpg,0.000000,1651320,0.112717,186131,
http://i1.hdslb.com/bfs/archive/ab8868b731356c250777a3abbf185a3ed502bf30.jpg,0.000000,580328,0.050764,29459,
https://i0.hdslb.com/bfs/album/53747a2ccd6e17e62f8e4f01615f246d4d23006b.jpg,0.000000,2073600,0.070362,145903,
https://i0.hdslb.com/bfs/album/b79481bf53dfe0c525c2eac43cdaa2fae42dff0f.png,0.000000,921600,0.022569,20800,
http://i0.hdslb.com/bfs/archive/5b7c8819be0bce103e49688ce56cbeeb0b9f6e8f.jpg,0.000000,262440,0.305532,80183,
http://i2.hdslb.com/bfs/archive/6c9bbe017ffb77f71f3fd1894f5cd8322a237f06.jpg,0.000000,273406,0.095721,26170,
https://i0.hdslb.com/bfs/album/63ea18ec58d7180b0b153776a5923065446753f6.jpg,0.505695,2380320,0.002184,5197,RCEP有什么意义?？原创卢克文卢克文工作室 1月15日谈了八年的RCEP，终于在2020年11月15日于越南河内签署了协议。看大家现在都欢欢喜喜的，长长舒了口气，大家没有留意到，其实这个只是今年商务外交上的两件大事之一，另一件是中欧投资协定，这个还在谈。RCEP谈了八年，中欧投资协定也谈了七年了，都差不多谈了三十轮左右，我以前做设计时，一个平面设计要修改十轮看到那个稿子就想吐，掐死甲方的心都有，估计三十轮下来，我方谈判人员也快给谈吐了，但两件事意义重大，咬牙也得谈，坎坎何场七八年，估计都要在今年收尾。Weetgy(51SR
http://i0.hdslb.com/bfs/aionecitycover/38e16a8646dd7099f868bc0e9830f4146f222f43.jpg,0.000000,521280,0.170660,88961,
https://i0.hdslb.com/bfs/album/abfd7f7b0a70711ef4db5818808844bc27b39de1.gif,-1,-1,-1,-1,
https://i0.hdslb.com/bfs/album/f3590b63a8160dfb3546f0abc13453820c904f39.jpg,0.000000,2527200,0.055698,140760,
http://i0.hdslb.com/bfs/aionecitycover/4254dffe0c1f1b7c0eaac8799a47811c374f8fcb.jpg,0.000000,518400,0.048662,25226,
http://i2.hdslb.com/bfs/archive/f19a9bb3cef359a3b19a459a7a984717b5ecdde6.jpg,0.000000,1585035,0.107124,169795,
http://i0.hdslb.com/bfs/archive/629e9aa5bfe2246063f5ab41b8fbf1208186a52e.jpg,0.000000,921600,0.005985,5515,
https://i0.hdslb.com/bfs/album/7648b64203e539776506eaca5c9f022d02b445dd.jpg,0.000000,11548332,0.016041,185241,
http://i0.hdslb.com/bfs/aionecitycover/3b6470be6fd873737e145832056afee953fd349d.jpg,0.000000,518400,0.096613,50084,
https://i0.hdslb.com/bfs/album/e8d4219fde485d665f094965b53503a831d024ac.jpg,0.000000,2332800,0.052462,122382,
https://i0.hdslb.com/bfs/album/3e898454f6ac72eb62b72af78b4e4d8d01acc618.jpg,0.000000,68808,0.375635,25846,
http://i0.hdslb.com/bfs/aionecitycover/33193ddec71a0814e6ed444b89844e29c4436c4e.jpg,0.000000,921600,0.089169,82178,
http://i2.hdslb.com/bfs/archive/9653391aa0b4cfb78721c832503c5aeae0a39d77.jpg,0.000000,580328,0.120261,69790,
http://i0.hdslb.com/bfs/aionecitycover/b2255adf8c8cdf76276ba41483b67e883fdd7f4d.jpg,0.125654,518400,0.057864,29996,黑克好Hi很高兴认识你Hi我们在一起5年啦2016年06月18日第一次遇见你网易云音乐
https://i0.hdslb.com/bfs/album/ea1ced1668b9d36ac6803c7dbd4c74fb76f98e7a.jpg,0.000000,2592000,0.101162,262210,
https://i0.hdslb.com/bfs/album/e1220796ca4a725577e8d4bf674e1474a63c355c.png,0.000000,116116,0.151337,17572,
https://i0.hdslb.com/bfs/active/195f13b3e463d73bb696d8e87c39da8ff99c94d8.png,0.000000,423500,0.069241,29323,
https://i0.hdslb.com/bfs/album/c9f5011e24cf1d751e0f3c9efab8a40b2422693c.jpg,0.000000,2527200,0.131768,333004,
http://i1.hdslb.com/bfs/archive/d1e7ed6a9488732841d6a0f098cca2e22f56c90e.jpg,0.000000,1154300,0.089998,103884,
http://i0.hdslb.com/bfs/archive/ecaf461962b52521aa1efaae75aa2592b67d48fd.jpg,0.000000,518400,0.075458,39117,
https://i0.hdslb.com/bfs/album/61662496528c2a8cdf00d7290024e3519882a8a2.jpg,0.000000,1626480,0.074177,120647,
http://i0.hdslb.com/bfs/aionecitycover/0d9e09addac7cca280a12d29b52e5ae2d8cfedcf.jpg,0.000000,921600,0.082584,76109,
http://i0.hdslb.com/bfs/aionecitycover/23db84cfd2af98f2660c625fb3abd63ff22dfc47.jpg,0.000000,526080,0.134823,70927,
https://i0.hdslb.com/bfs/album/cef879a3128af2f10db4fab96ac4e2b440432885.png,0.285714,227976,0.091066,20760,全部搞件 161进行中1已通过 160未通过0【红茶】乱斗王可不是白叫怕的！20-12-3101:20:448 核中我也来地火瞬间爆炸00:00
https://i0.hdslb.com/bfs/album/e6a0b1e59cdfde47362289912fbb49e055e092e7.jpg,0.000000,1555200,0.152677,237443,
http://i0.hdslb.com/bfs/archive/ae8f6f552dd1b3c394c03a64d82f2dfc5f202eaf.jpg,0.000000,1564598,0.087044,136189,
https://i0.hdslb.com/bfs/album/494c48b659d31e57c2fac278bcf6ebf2b5bb2b0b.png,0.000000,454740,0.259082,117814,
http://i1.hdslb.com/bfs/archive/3a3408e81cc47ccd3f6371fea27d0348012dd13f.jpg,0.000000,589824,0.086130,50801,
http://i0.hdslb.com/bfs/archive/33c7bdf1122751db5baf46a24e47332fbc07e2ef.jpg,0.000000,1555200,0.029893,46489,
http://i0.hdslb.com/bfs/aionecitycover/b6fe53d4c69e95a749e34f73b1680f09b92d39f9.jpg,0.000000,691200,0.102991,71187,
http://i1.hdslb.com/bfs/archive/2059f75e8ff614f40b9dc2eb8b867123db6d9f17.jpg,0.000000,580328,0.270103,156748,
http://i1.hdslb.com/bfs/archive/e435c8228883308e9bbab805d2ac1887bb85301a.jpg,0.000000,580328,0.089651,52026,
